{
  "state": {
    "mean": [
      0.7214797735214233,
      -0.9454760551452637,
      1.0986552238464355,
      -0.005461408291012049,
      -0.8259159326553345,
      0.9015978574752808,
      46.733341217041016,
      55.825706481933594,
      3.2699692249298096,
      3.4747507572174072,
      19.707786560058594,
      10.818063735961914,
      20.043563842773438,
      12.344380378723145,
      19.270137786865234,
      15.917045593261719,
      10.503870964050293,
      44.197418212890625,
      -0.7451796531677246,
      -0.9797875881195068,
      1.1975734233856201,
      -0.22091679275035858,
      0.8568352460861206,
      -0.5057215690612793,
      43.31062316894531,
      58.260650634765625,
      1.993318796157837,
      2.7420451641082764,
      22.327844619750977,
      16.417470932006836,
      22.8287410736084,
      18.586793899536133,
      23.40541648864746,
      25.205703735351562,
      18.720829010009766,
      46.58618927001953
    ],
    "std": [
      0.3027772307395935,
      0.18604540824890137,
      0.25293663144111633,
      0.6486623883247375,
      0.4607820510864258,
      0.6661136746406555,
      15.333773612976074,
      9.437088966369629,
      14.002314567565918,
      3.7534561157226562,
      17.525043487548828,
      22.147075653076172,
      18.217464447021484,
      25.421831130981445,
      18.960037231445312,
      29.845279693603516,
      18.210538864135742,
      36.644325256347656,
      0.3294929563999176,
      0.2321334034204483,
      0.2900189459323883,
      0.5824131965637207,
      0.4151553809642792,
      0.527254581451416,
      19.5021915435791,
      12.066496849060059,
      7.738986492156982,
      3.817331552505493,
      18.461244583129883,
      28.151042938232422,
      20.362546920776367,
      30.283187866210938,
      21.922651290893555,
      35.542327880859375,
      24.057390213012695,
      41.55220413208008
    ],
    "percentile_1": [
      0.1478179544210434,
      -1.4932860136032104,
      0.6589990258216858,
      -1.4971046447753906,
      -1.5985771417617798,
      -1.796177625656128,
      9.329999923706055,
      39.14910152435303,
      -2.0799999237060547,
      -1.5800000429153442,
      0.6700000166893005,
      -1.8300000429153442,
      0.5,
      -2.0,
      0.6700000166893005,
      -3.5799999237060547,
      0.6700000166893005,
      -0.9200000166893005,
      -1.5993362665176392,
      -1.5940146446228027,
      0.7421606779098511,
      -2.977607488632202,
      -1.017589807510376,
      -1.650072455406189,
      1.25,
      30.5,
      -0.8299999833106995,
      -1.9199999570846558,
      0.5799999833106995,
      -1.0,
      0.5799999833106995,
      -2.4200000762939453,
      0.5799999833106995,
      -0.9200000166893005,
      0.5,
      -3.5
    ],
    "percentile_99": [
      1.5260928869247437,
      -0.6078813076019287,
      1.7660448551177979,
      2.795269727706909,
      1.095483304262163,
      2.2238192558288574,
      75.62999725341797,
      80.71079910278323,
      83.87250274658209,
      9.8100004196167,
      61.720001220703125,
      98.70419700622568,
      60.720001220703125,
      96.45169700622563,
      75.301603012085,
      109.61000061035156,
      85.21159912109378,
      110.94000244140625,
      -0.08677805945277198,
      -0.5636301040649414,
      1.9930304288864138,
      1.0011825561523438,
      1.6260395050048828,
      1.9998855590820312,
      95.33000183105469,
      80.66000366210938,
      60.40999984741211,
      9.850000381469727,
      69.91000366210938,
      108.08000183105469,
      72.0,
      109.75080001831057,
      82.25,
      110.58000183105469,
      97.91000366210938,
      111.1609036254883
    ]
  },
  "action": {
    "mean": [
      0.7133958339691162,
      -0.9434199929237366,
      1.1003410816192627,
      -0.008625677786767483,
      -0.9289723634719849,
      0.8976582884788513,
      0.8254417777061462,
      1.00855553150177,
      0.004853702150285244,
      0.0662335529923439,
      0.3694422245025635,
      0.2424124777317047,
      0.36409854888916016,
      0.26733431220054626,
      0.34002870321273804,
      0.30332377552986145,
      0.17419666051864624,
      0.7729652523994446,
      -0.7348561882972717,
      -0.977412223815918,
      1.1997642517089844,
      -0.1989935338497162,
      0.9546235203742981,
      -0.5025947690010071,
      0.7758455872535706,
      1.089031457901001,
      0.015041898004710674,
      0.05432512238621712,
      0.41773179173469543,
      0.3627062141895294,
      0.42537030577659607,
      0.3938119113445282,
      0.4254026412963867,
      0.47915610671043396,
      0.3224017322063446,
      0.8555610179901123
    ],
    "std": [
      0.30440470576286316,
      0.18600650131702423,
      0.25326743721961975,
      0.6387170553207397,
      0.4906071424484253,
      0.6669995784759521,
      0.3108155131340027,
      0.17792102694511414,
      0.04044796898961067,
      0.06729534268379211,
      0.36384207010269165,
      0.47334998846054077,
      0.3609512150287628,
      0.5181708931922913,
      0.36061203479766846,
      0.5493018627166748,
      0.3291268050670624,
      0.6421079039573669,
      0.33113744854927063,
      0.23224613070487976,
      0.29030805826187134,
      0.5773765444755554,
      0.4443489611148834,
      0.5276526212692261,
      0.4008265733718872,
      0.19873791933059692,
      0.09217924624681473,
      0.06784386187791824,
      0.3727026581764221,
      0.5906243324279785,
      0.40600770711898804,
      0.6366732716560364,
      0.42720383405685425,
      0.6838421821594238,
      0.43642958998680115,
      0.7155723571777344
    ],
    "percentile_1": [
      0.14159599795937539,
      -1.4848059809207916,
      0.6579999923706055,
      -1.4364999532699585,
      -1.7098030054569244,
      -1.8034000396728516,
      0.13630033358931543,
      0.682409440279007,
      0.0,
      0.0,
      0.0,
      0.0,
      0.0,
      0.0,
      0.0,
      0.0,
      0.0,
      0.0,
      -1.5993362665176392,
      -1.5970140027999877,
      0.7415000200271606,
      -3.004301116466522,
      -1.1350509905815125,
      -1.644201967716217,
      0.0,
      0.5928174352645874,
      0.0,
      0.0,
      0.0,
      0.0,
      0.0,
      0.0,
      0.0,
      0.0,
      0.0,
      0.0
    ],
    "percentile_99": [
      1.5260928869247437,
      -0.6078813076019287,
      1.7713069581985474,
      2.8112279033660896,
      1.2400220096111303,
      2.224100112915039,
      1.4861975777149203,
      1.412755390405655,
      0.032906587943434734,
      0.17599999904632568,
      1.305697420835495,
      1.92099547624588,
      1.28625825047493,
      1.9209412825107575,
      1.4123513066768654,
      1.9210000038146973,
      1.4957644271850585,
      1.9210000038146973,
      -0.07529600061476222,
      -0.5605929827690123,
      1.9936640107631698,
      0.9912999868392944,
      1.7037009465694428,
      2.000699996948242,
      1.6833993673324585,
      1.484992312192917,
      0.6074107915163042,
      0.17599999904632568,
      1.221273661851883,
      1.9210000038146973,
      1.5519990885257722,
      1.940999984741211,
      1.6450985670089722,
      1.9210000038146973,
      1.7003676891326904,
      1.9210000038146973
    ]
  },
  "metadata": {
    "num_samples": 10000,
    "state_dim": 36,
    "action_dim": 36,
    "num_episodes_processed": 1344,
    "timestamp": "2025-11-15T22:34:10.756446"
  }
}