{
  "state": {
    "mean": [
      0.5189783871318309,
      0.6766457155478892,
      0.3202772227675145,
      0.18224704506019548,
      0.27482560164484676,
      0.7616576481259766,
      0.539134173487121,
      0.5642813254650556,
      0.05293839598595315,
      0.5446507081577728,
      0.20597133029674075,
      0.12643165736034848,
      0.20298914968775045,
      0.1225467439249006,
      0.15445980093181777,
      0.17826126126390135,
      0.09079028687737392,
      0.3346042547450951,
      0.4925477271182179,
      0.6341109972194963,
      0.3938485502105334,
      0.7209531309177873,
      0.6740915748121971,
      0.3087933866755326,
      0.32492396677099344,
      0.414700380505769,
      0.09998118451556498,
      0.27959311598644754,
      0.2187816574520656,
      0.13729383487729563,
      0.1749580327497064,
      0.1692126613827335,
      0.14760364623600433,
      0.2157797685060583,
      0.11507246398989217,
      0.3161225154401524
    ],
    "std": [
      0.21412877836943528,
      0.20775531797431362,
      0.19513581505598349,
      0.19964969650774642,
      0.20080119456643278,
      0.18537438402993506,
      0.24333973679360424,
      0.23386351887151932,
      0.15412862432984928,
      0.36585741582332,
      0.2698366497972405,
      0.2215996650186656,
      0.23523598068713958,
      0.23635637857340286,
      0.19729003536794085,
      0.2767483954257884,
      0.17328058570759985,
      0.3565269486542125,
      0.17287219735650358,
      0.19997248494898112,
      0.22517001559783784,
      0.2540486782839207,
      0.21224715316104506,
      0.22683904026920804,
      0.3372964793805338,
      0.3574809496597897,
      0.2266042665406785,
      0.26441575595256106,
      0.3064854998631986,
      0.24595812702072864,
      0.2577407565096233,
      0.2824265077700701,
      0.24182031930356915,
      0.34071247012607137,
      0.236505058244549,
      0.3822756744404543
    ],
    "percentile_1": [
      0.051620533737776836,
      0.10112953846829811,
      -0.012093282311933556,
      -0.008653564784338283,
      0.0007518309218737744,
      0.025492373232088434,
      0.04009814293355999,
      0.08407738125646223,
      0.001694919589422098,
      0.041544116671930816,
      0.0012972616749171515,
      0.0031216884875207517,
      0.001056181749081335,
      -0.0007269904884958186,
      0.0018466236530038298,
      -0.0013990823195071782,
      0.0008490487149243435,
      0.002920594158260649,
      0.1749655731257981,
      0.07789564193164575,
      -0.02741906102894659,
      0.0,
      0.01145560987203867,
      -0.03392891307560525,
      0.0,
      0.0,
      0.0029495852295942384,
      -0.013011228613629534,
      0.0,
      0.004144290924626252,
      0.0,
      -0.002301929514720357,
      -2.9232380604907434e-05,
      -0.001537337369978438,
      0.0,
      -0.0007117031876035916
    ],
    "percentile_99": [
      1.0384941745421932,
      1.0010941513029996,
      0.8682886017694137,
      0.9985275745973224,
      0.959394526114285,
      0.9654126068835617,
      0.9799005329023119,
      1.0510941567841607,
      0.7992709072999263,
      0.9854778868318369,
      0.8774530142000448,
      0.8410402263016946,
      0.8191232965145203,
      0.8718709502887846,
      0.7534903984432437,
      0.9468200860595539,
      0.8830939220977292,
      0.9940631518534935,
      0.9063774515978031,
      0.9840972464039316,
      0.9403410812322992,
      0.9399556183884993,
      0.9912312109252883,
      0.9855459004399945,
      0.9361721303807664,
      0.9922234032438805,
      1.5476861463593652,
      0.9757715991298624,
      1.0558656403599898,
      0.889125792648318,
      0.9286544076749286,
      0.9101048836529666,
      0.9791199146991793,
      1.0046418290893422,
      1.0020869935437022,
      0.99788859234669
    ]
  },
  "action": {
    "mean": [
      0.5082550171129993,
      0.6826168766286191,
      0.3213256834889038,
      0.17796349732748143,
      0.2407322971986429,
      0.763002474240325,
      0.41572457449532757,
      0.4892886282278282,
      0.22870512131023865,
      0.41639323124069283,
      0.19621012824499207,
      0.14490941673539517,
      0.17906460754562425,
      0.1542728006575074,
      0.14696071098065355,
      0.20019476509214823,
      0.08986605318188877,
      0.377396894998884,
      0.5013632302332476,
      0.6199670813611623,
      0.36837609444301206,
      0.7249096032174669,
      0.6869359820409672,
      0.3089625995277312,
      0.45226400970101893,
      0.5486014154581944,
      0.22360442964413577,
      0.2684964849998186,
      0.23237497820324024,
      0.18979560538078702,
      0.19454015964444438,
      0.20555970844794771,
      0.16800878318223172,
      0.2520879634326413,
      0.11854465610266493,
      0.4289867117225895
    ],
    "std": [
      0.22274698174766788,
      0.20640126828261707,
      0.20098378131272074,
      0.1967417787296233,
      0.1952781940803459,
      0.18384527239198326,
      0.21669199174118492,
      0.25255264758680646,
      0.3926700257457017,
      0.37479072892437226,
      0.2611220936585385,
      0.2500336498105215,
      0.23331448689132683,
      0.27145837899194925,
      0.20448712665984142,
      0.2886035990788725,
      0.1893100225429062,
      0.3438406162618804,
      0.17542316419280574,
      0.23131827365811294,
      0.24443306731546044,
      0.25411405389671043,
      0.21935989474780115,
      0.22704918342667735,
      0.25985844571439753,
      0.24810333304462784,
      0.3475321682323818,
      0.33663167881225636,
      0.28056990234916196,
      0.2931013107992966,
      0.24411083015456242,
      0.3073887054414192,
      0.24239790988914603,
      0.3411804762041343,
      0.2385178399142875,
      0.3615470258494631
    ],
    "percentile_1": [
      0.005772818008946787,
      0.08988734396953081,
      -0.01323654634557624,
      -0.005894897880665058,
      -0.0010384744195542552,
      -0.027290525860471974,
      0.0,
      -0.060549980426337725,
      0.0,
      0.0,
      0.0,
      0.0,
      0.0,
      0.0,
      0.0,
      0.0,
      0.0,
      0.0,
      0.026100862086587927,
      -0.09917576338915787,
      -0.07191866868428194,
      0.0,
      0.018216376737184136,
      -0.036901059979452616,
      0.0,
      -0.06017706116614127,
      0.0,
      0.0,
      0.0,
      0.0,
      0.0,
      0.0,
      0.0,
      0.0,
      0.0,
      0.0
    ],
    "percentile_99": [
      1.029908935607673,
      1.0200292380024008,
      0.8946243567789819,
      1.0,
      0.9981958126007698,
      0.9820337914915673,
      1.0681208696391429,
      1.0610478040067064,
      2.2993971229990913,
      1.0,
      1.0261754324570929,
      0.9540428244943875,
      0.9563661573550986,
      1.0,
      0.8711352797712625,
      1.0,
      0.9338698546906542,
      1.0,
      0.910326202073173,
      0.9920912628119473,
      1.0847160017790907,
      0.969698796967993,
      1.0000685199319728,
      0.9848688733723542,
      1.0766497502406545,
      1.0024944891242864,
      1.2099175864477576,
      1.0,
      1.1384375763791825,
      1.0,
      0.9105674481468853,
      1.0,
      0.9501486398362285,
      1.0,
      0.986355270061266,
      1.0
    ]
  },
  "metadata": {
    "num_samples": 100,
    "state_dim": 36,
    "action_dim": 36,
    "failed_samples": 1,
    "timestamp": "2025-08-23T16:29:13.334987"
  }
}