{
  "state": {
    "mean": [
      0.6464691162109375,
      -0.9921807646751404,
      1.2897108793258667,
      0.404058039188385,
      -0.7396985292434692,
      0.39668166637420654,
      0.3953548073768616,
      1.2395706176757812,
      0.012482501566410065,
      0.024161040782928467,
      0.17536506056785583,
      0.10988067835569382,
      0.127519428730011,
      0.05437898635864258,
      0.11781972646713257,
      0.08500813692808151,
      0.07264438271522522,
      0.25427937507629395,
      -0.3505883812904358,
      -1.1147778034210205,
      1.168166160583496,
      -0.8168619871139526,
      0.4438352584838867,
      -0.337814062833786,
      0.6926128268241882,
      1.0965850353240967,
      0.03213099390268326,
      0.0317201241850853,
      0.42787617444992065,
      0.5764259696006775,
      0.46249932050704956,
      0.48363545536994934,
      0.4666164517402649,
      0.636544942855835,
      0.4356757402420044,
      0.7957958579063416
    ],
    "std": [
      0.4963882267475128,
      0.24141429364681244,
      0.4908265769481659,
      1.0634678602218628,
      0.8048503994941711,
      0.8762245178222656,
      0.3540971577167511,
      0.1497538983821869,
      0.07527434825897217,
      0.038768067955970764,
      0.2550991177558899,
      0.3251921534538269,
      0.2163582295179367,
      0.281539648771286,
      0.21553385257720947,
      0.3422424793243408,
      0.19681058824062347,
      0.48742446303367615,
      0.34722238779067993,
      0.32183837890625,
      0.34461575746536255,
      1.0003411769866943,
      0.6157575845718384,
      0.8593019843101501,
      0.5010352730751038,
      0.17042700946331024,
      0.0821879655122757,
      0.0616329051554203,
      0.4528380036354065,
      0.7410445213317871,
      0.5171591639518738,
      0.7245460152626038,
      0.5646781921386719,
      0.798713743686676,
      0.5880665183067322,
      0.8517295718193054
    ],
    "percentile_1": [
      -0.4053177833557129,
      -1.4185168743133545,
      0.3648775517940521,
      -0.960746169090271,
      -1.6161211729049683,
      -1.3181887865066528,
      0.013089969754219055,
      0.8634004437923432,
      -0.02321287989616394,
      -0.00890117883682251,
      0.01012290921062231,
      -0.02042035199701786,
      0.008726646192371845,
      -0.013089969754219055,
      0.01012290921062231,
      -0.02042035199701786,
      0.008726646192371845,
      -0.02042035199701786,
      -1.0496337413787842,
      -1.877836228609085,
      0.14171816408634186,
      -2.9772260189056396,
      -1.338788390159607,
      -2.3424506187438965,
      0.016057029366493225,
      0.7038913369178772,
      0.0073303827084600925,
      -0.028099801391363144,
      0.0013962633674964309,
      -0.011693705804646015,
      -0.0073303827084600925,
      -0.02321287989616394,
      0.002951351880328744,
      -0.011707668444141733,
      0.008726646192371845,
      -0.027576202526688576
    ],
    "percentile_99": [
      1.3845654726028442,
      -0.481612890958786,
      2.3424506187438965,
      2.4351491928100586,
      1.6702983379364016,
      2.0326924324035645,
      1.3781119585037231,
      1.5016813278198242,
      0.1802925020456314,
      0.1687733381986618,
      0.9826639914512644,
      1.8622663021087646,
      1.1760900080204029,
      1.9362683296203613,
      1.285085916519165,
      1.9188307237625126,
      1.3955652713775635,
      1.918815016746521,
      0.612466633319855,
      -0.50030517578125,
      1.9110018014907837,
      0.8409742718935015,
      1.4845235347747805,
      1.6718165874481201,
      1.5212290287017822,
      1.4295992851257324,
      0.4756022095680237,
      0.17592918872833252,
      1.4077826738357544,
      1.931381344795227,
      1.4748032093048096,
      1.9212584495544434,
      1.569225549697876,
      1.9285888671875,
      1.6245524883270264,
      1.9387117624282837
    ]
  },
  "action": {
    "mean": [
      0.6383851766586304,
      -0.9880764484405518,
      1.2924413681030273,
      0.3901907801628113,
      -0.8111403584480286,
      0.39465856552124023,
      0.3851350247859955,
      1.2478739023208618,
      0.003265322418883443,
      0.025791097432374954,
      0.17678838968276978,
      0.12386833131313324,
      0.118942491710186,
      0.06226359307765961,
      0.1047416403889656,
      0.08007700741291046,
      0.058311570435762405,
      0.2519155740737915,
      -0.34163451194763184,
      -1.107999563217163,
      1.169015645980835,
      -0.8101010918617249,
      0.497004896402359,
      -0.33710673451423645,
      0.6935547590255737,
      1.1442606449127197,
      0.022885553538799286,
      0.03301944211125374,
      0.45100462436676025,
      0.6231378316879272,
      0.47713324427604675,
      0.6200264096260071,
      0.4721775949001312,
      0.6629694700241089,
      0.43695923686027527,
      0.8106297254562378
    ],
    "std": [
      0.4987577795982361,
      0.24102763831615448,
      0.4914112389087677,
      1.054983377456665,
      0.8341774344444275,
      0.8757643103599548,
      0.3685542345046997,
      0.14282368123531342,
      0.0154291782528162,
      0.04077618196606636,
      0.28726068139076233,
      0.3675350844860077,
      0.23189370334148407,
      0.3047439455986023,
      0.22288557887077332,
      0.34151437878608704,
      0.20188996195793152,
      0.48805859684944153,
      0.34973323345184326,
      0.32161471247673035,
      0.34629708528518677,
      1.0042426586151123,
      0.6627626419067383,
      0.8594787120819092,
      0.5290137529373169,
      0.18049123883247375,
      0.10450462251901627,
      0.06128954142332077,
      0.49506792426109314,
      0.7888582944869995,
      0.5545834898948669,
      0.8224959969520569,
      0.5923364162445068,
      0.831152617931366,
      0.6161432266235352,
      0.8720998167991638
    ],
    "percentile_1": [
      -0.41880099654197694,
      -1.4203040063381196,
      0.37147898554801945,
      -0.9352999925613403,
      -1.732300043106079,
      -1.319100022315979,
      0.0,
      0.8549106657505036,
      0.0,
      0.0,
      0.0,
      0.0,
      0.0,
      0.0,
      0.0,
      0.0,
      0.0,
      0.0,
      -1.0487069749832154,
      -1.8764259934425354,
      0.13899399861693382,
      -3.01200008392334,
      -1.4374099838733674,
      -2.3465009212493895,
      0.0,
      0.7102937895059586,
      0.0,
      0.0,
      0.0,
      0.0,
      0.0,
      0.0,
      0.0,
      0.0,
      0.0,
      0.0
    ],
    "percentile_99": [
      1.382501051425934,
      -0.47850000858306885,
      2.348900079727173,
      2.414599895477295,
      1.7315300297737128,
      2.0346010184288024,
      1.451707834005356,
      1.5241037702560425,
      0.033369858041405714,
      0.17599983602762223,
      1.0200496375560761,
      1.9187533617019654,
      1.1693798291683222,
      1.9210000038146973,
      1.3414722180366516,
      1.9210000038146973,
      1.3994555211067201,
      1.9210000038146973,
      0.6332039898633958,
      -0.4885999858379364,
      1.9181089997291567,
      0.7710999846458435,
      1.5852079522609712,
      1.674399971961975,
      1.5752857458591463,
      1.5708424508571626,
      0.6142259836196899,
      0.17599999904632568,
      1.4879923844337464,
      1.9210000038146973,
      1.5986823773384093,
      1.940999984741211,
      1.6674280595779418,
      1.9210000038146973,
      1.7473582029342651,
      1.9210000038146973
    ]
  },
  "metadata": {
    "num_samples": 10000,
    "state_dim": 36,
    "action_dim": 36,
    "num_episodes_processed": 210,
    "timestamp": "2025-11-17T14:20:01.594656"
  }
}