{
  "state": {
    "mean": [
      0.6313886642456055,
      -0.9318000078201294,
      1.0165590047836304,
      0.238694965839386,
      -0.6435745358467102,
      0.7175020575523376,
      0.5219471454620361,
      1.1149762868881226,
      0.08629357814788818,
      0.0436205118894577,
      0.3168949484825134,
      0.318975567817688,
      0.34064483642578125,
      0.3239953815937042,
      0.33659127354621887,
      0.3794047236442566,
      0.23829586803913116,
      0.703213632106781,
      -0.6091124415397644,
      -0.9375688433647156,
      1.0980455875396729,
      -0.07470587641000748,
      0.6507676839828491,
      -0.6470227241516113,
      0.7559491395950317,
      1.0713449716567993,
      0.057312626391649246,
      0.026895087212324142,
      0.41200101375579834,
      0.36071524024009705,
      0.4102768898010254,
      0.3031530976295471,
      0.41268569231033325,
      0.4377990663051605,
      0.3419359028339386,
      0.753688633441925
    ],
    "std": [
      0.3725413680076599,
      0.21756389737129211,
      0.2905212938785553,
      0.9557304978370667,
      0.6532580256462097,
      0.9201160073280334,
      0.43782129883766174,
      0.19047442078590393,
      0.26704996824264526,
      0.062261953949928284,
      0.33432117104530334,
      0.6252824664115906,
      0.38026636838912964,
      0.6416419148445129,
      0.41201695799827576,
      0.6859714984893799,
      0.44727107882499695,
      0.6982120275497437,
      0.4122980535030365,
      0.25409960746765137,
      0.332999587059021,
      0.774578332901001,
      0.5024223327636719,
      0.8181799054145813,
      0.45723283290863037,
      0.18994270265102386,
      0.16399922966957092,
      0.05568224564194679,
      0.3816407322883606,
      0.5712827444076538,
      0.4319242835044861,
      0.522684633731842,
      0.46761929988861084,
      0.6465489864349365,
      0.487467497587204,
      0.7105752825737
    ],
    "percentile_1": [
      -0.04596780240535736,
      -1.4295834302902222,
      0.44651713967323303,
      -1.971656322479248,
      -1.6054397821426392,
      -1.4879720222949981,
      0.011693705804646015,
      0.699164971113205,
      -0.02914699725806713,
      -0.016929693520069122,
      0.004363323096185923,
      -0.02914699725806713,
      -0.0029670598451048136,
      -0.03490658476948738,
      -1.396263367495161e-05,
      -0.06387905031442642,
      0.011693705804646015,
      -0.016057029366493225,
      -1.8354696035385132,
      -1.581792117357254,
      0.2935454249382019,
      -2.9180972576141357,
      -1.4185168743133545,
      -2.5949912071228027,
      0.013089969754219055,
      0.6356489062309265,
      -0.018849557265639305,
      -0.03298672288656235,
      0.008726646192371845,
      -0.016057029366493225,
      0.008726646192371845,
      -0.021816615015268326,
      0.01012290921062231,
      -0.011693705804646015,
      0.008726646192371845,
      -0.05235987901687622
    ],
    "percentile_99": [
      1.5272372961044312,
      -0.4846646785736084,
      1.6836423873901367,
      2.665186643600464,
      1.5997177362442017,
      2.9924850463867188,
      1.439212456941605,
      1.5030776262283325,
      1.501841897964481,
      0.1687733381986618,
      1.1819369792938232,
      1.934872031211853,
      1.3213887214660645,
      1.9668115377426147,
      1.4419910907745361,
      1.9378390312194824,
      1.52786123752594,
      1.9378390312194824,
      0.029182879254221916,
      -0.45948728919029236,
      2.1021325588226323,
      2.9901959896087646,
      1.640535593032837,
      2.8299801349639893,
      1.621585488319397,
      1.4500195980072021,
      0.8581783771514893,
      0.16667895019054413,
      1.3439035415649414,
      1.9081684350967407,
      1.4849261045455933,
      1.7889764463901523,
      1.5736185193061836,
      1.9357447624206543,
      1.6245524883270264,
      1.9270180463790894
    ]
  },
  "action": {
    "mean": [
      0.6244936585426331,
      -0.9290915131568909,
      1.0179592370986938,
      0.23954230546951294,
      -0.7072593569755554,
      0.7155681252479553,
      0.5255398750305176,
      1.1385983228683472,
      0.01731186918914318,
      0.04700864851474762,
      0.3256809413433075,
      0.344303160905838,
      0.34992077946662903,
      0.362613320350647,
      0.3411698043346405,
      0.39665529131889343,
      0.2321469783782959,
      0.7113054394721985,
      -0.6005297303199768,
      -0.9326860308647156,
      1.0997949838638306,
      -0.06559744477272034,
      0.7337353229522705,
      -0.644421398639679,
      0.7665905356407166,
      1.1183128356933594,
      0.051485925912857056,
      0.03082175925374031,
      0.43584370613098145,
      0.42059579491615295,
      0.42338627576828003,
      0.40829911828041077,
      0.41828885674476624,
      0.4580095112323761,
      0.34014806151390076,
      0.7619069814682007
    ],
    "std": [
      0.3753981292247772,
      0.2183656394481659,
      0.2906344532966614,
      0.938459575176239,
      0.6728878021240234,
      0.9204803705215454,
      0.4746379852294922,
      0.18629620969295502,
      0.11046764254570007,
      0.06492464989423752,
      0.356588751077652,
      0.6535439491271973,
      0.4047006070613861,
      0.6810574531555176,
      0.43517667055130005,
      0.7043003439903259,
      0.4683835804462433,
      0.709109365940094,
      0.41433075070381165,
      0.25394079089164734,
      0.3346640169620514,
      0.7618486881256104,
      0.5259332060813904,
      0.8198249340057373,
      0.4888092875480652,
      0.18058930337429047,
      0.18268385529518127,
      0.05835510790348053,
      0.422799676656723,
      0.6306324601173401,
      0.459309846162796,
      0.6543055772781372,
      0.4926498234272003,
      0.6863960027694702,
      0.5065737366676331,
      0.7204349040985107
    ],
    "percentile_1": [
      -0.06020199835300445,
      -1.4286049544811248,
      0.44689801007509233,
      -1.905400037765503,
      -1.6283040499687196,
      -1.4938210439682007,
      0.0,
      0.7436096680164337,
      0.0,
      0.0,
      0.0,
      0.0,
      0.0,
      0.0,
      0.0,
      0.0,
      0.0,
      0.0,
      -1.8354696035385132,
      -1.573799967765808,
      0.2923960024118423,
      -2.9232058930397034,
      -1.5542999505996704,
      -2.589911017417908,
      0.0,
      0.7217023760080338,
      0.0,
      0.0,
      0.0,
      0.0,
      0.0,
      0.0,
      0.0,
      0.0,
      0.0,
      0.0
    ],
    "percentile_99": [
      1.5272372961044312,
      -0.4799989894032478,
      1.683000968694687,
      2.6356300902366643,
      1.6025069618225098,
      2.997999906539917,
      1.5259918820858005,
      1.5694212210178375,
      0.509576784372331,
      0.17599999904632568,
      1.205542439222336,
      1.9210000038146973,
      1.3515805757045747,
      1.9210000038146973,
      1.4821268928051001,
      1.9210000038146973,
      1.5951216542720794,
      1.9210000038146973,
      0.047801000736653824,
      -0.45590001344680786,
      2.1116039228439334,
      3.009000062942505,
      1.6409170627593994,
      2.837899923324585,
      1.658245689868927,
      1.5709999799728394,
      0.9032116639614106,
      0.17599999904632568,
      1.369111361503601,
      1.9210000038146973,
      1.5467340636253357,
      1.940999984741211,
      1.635386390686035,
      1.9210000038146973,
      1.673506500720978,
      1.9210000038146973
    ]
  },
  "metadata": {
    "num_samples": 10000,
    "state_dim": 36,
    "action_dim": 36,
    "num_episodes_processed": 2341,
    "timestamp": "2025-12-01T18:54:04.070402"
  }
}