{
  "state": {
    "mean": [
      0.6032435297966003,
      -0.8413169980049133,
      1.3938449621200562,
      1.538091778755188,
      -0.976959764957428,
      -0.07128305733203888,
      0.02044500783085823,
      1.088448405265808,
      0.02152138575911522,
      -0.00023994917864911258,
      0.05366320163011551,
      0.01582120917737484,
      0.05437149107456207,
      0.014644407667219639,
      0.05140836909413338,
      0.021228859201073647,
      0.030267661437392235,
      0.07530217617750168,
      -0.2818387746810913,
      -1.060110092163086,
      1.072511076927185,
      -0.38490980863571167,
      0.4218598008155823,
      -0.5668460726737976,
      1.0689815282821655,
      1.0245473384857178,
      0.015010160394012928,
      -0.0005766010144725442,
      0.527413010597229,
      0.500419557094574,
      0.5966548323631287,
      0.42651063203811646,
      0.5896024107933044,
      0.44126981496810913,
      0.4305660128593445,
      0.8045728802680969
    ],
    "std": [
      0.24927324056625366,
      0.16407974064350128,
      0.15874835848808289,
      0.23513537645339966,
      0.21363309025764465,
      0.1437123864889145,
      0.03918898478150368,
      0.05458712577819824,
      0.04028434306383133,
      0.011162163689732552,
      0.1346936821937561,
      0.16303344070911407,
      0.14460837841033936,
      0.16742587089538574,
      0.14105750620365143,
      0.17094549536705017,
      0.12694549560546875,
      0.21388500928878784,
      0.16818229854106903,
      0.24006780982017517,
      0.19632162153720856,
      0.6387941241264343,
      0.20977529883384705,
      0.6093788146972656,
      0.40975162386894226,
      0.09118998050689697,
      0.009251032024621964,
      0.009980377741158009,
      0.39782869815826416,
      0.496460497379303,
      0.4602952301502228,
      0.44603076577186584,
      0.4684280753135681,
      0.5147503614425659,
      0.39084556698799133,
      0.5398480892181396
    ],
    "percentile_1": [
      0.013538567293435338,
      -1.2430380582809448,
      0.9836347103118896,
      0.9767681360244751,
      -1.4532349109649658,
      -0.4247730076313019,
      0.01012290921062231,
      0.8998760855197907,
      0.0013962633674964309,
      -0.012566370889544487,
      -0.01745329238474369,
      -0.039269909262657166,
      -0.016057029366493225,
      -0.02617993950843811,
      -0.024783674627542496,
      -0.04502949118614197,
      0.01012290921062231,
      -0.03193952515721321,
      -0.6036850810050964,
      -1.656557559967041,
      0.6601434350013733,
      -2.1402838230133057,
      0.001716639962978661,
      -2.826554536819458,
      0.01448623277246952,
      0.8072147965431213,
      0.008726646192371845,
      -0.01151917316019535,
      0.01012290921062231,
      0.0013962633674964309,
      0.008726646192371845,
      -0.01745329238474369,
      0.01012290921062231,
      -0.0073303827084600925,
      0.008726646192371845,
      -0.016057029366493225
    ],
    "percentile_99": [
      1.1923056840896606,
      -0.5556191205978394,
      1.6474021673202515,
      2.076581239700318,
      -0.438506156206131,
      0.20656901597976685,
      0.06982713215053112,
      1.1760027408599854,
      0.2471386194229126,
      0.009948376566171646,
      0.6309365630149841,
      0.41274068474772574,
      0.721142153143886,
      0.6382669317722358,
      0.6571601063013086,
      0.6936810773611126,
      0.4593706429004669,
      1.1266240024566654,
      0.05893797054886818,
      -0.5933547013998025,
      1.508926510810852,
      1.658472537994385,
      0.9267948269844055,
      1.1652666401863192,
      1.572192668914795,
      1.304633617401123,
      0.04940852366387878,
      0.02687807008624077,
      1.0616837739944458,
      1.4050040400028232,
      1.1737479126453403,
      1.426981221437458,
      1.384569764137268,
      1.5155566978454609,
      1.0341215288639072,
      1.777282730340958
    ]
  },
  "action": {
    "mean": [
      0.5990227460861206,
      -0.8413858413696289,
      1.3950035572052002,
      1.4917188882827759,
      -1.0012085437774658,
      -0.07181968539953232,
      0.0045526763424277306,
      1.081032633781433,
      0.008325289003551006,
      0.00071000587195158,
      0.04763516038656235,
      0.01729896105825901,
      0.04663970321416855,
      0.01783224567770958,
      0.04030514508485794,
      0.018356693908572197,
      0.014850420877337456,
      0.07440557330846786,
      -0.2702440917491913,
      -1.0563856363296509,
      1.0719889402389526,
      -0.36489203572273254,
      0.5219484567642212,
      -0.5628140568733215,
      1.0759847164154053,
      1.0750837326049805,
      0.0031545774545520544,
      0.00203154468908906,
      0.5411980748176575,
      0.5345417261123657,
      0.6047321557998657,
      0.4445146918296814,
      0.5860480070114136,
      0.4437846541404724,
      0.42149117588996887,
      0.802863359451294
    ],
    "std": [
      0.2520405054092407,
      0.16704614460468292,
      0.15894627571105957,
      0.23477612435817719,
      0.2246842086315155,
      0.14473405480384827,
      0.06090672314167023,
      0.05766809731721878,
      0.039789795875549316,
      0.010625049471855164,
      0.14000047743320465,
      0.167448952794075,
      0.1494276374578476,
      0.17222052812576294,
      0.14736536145210266,
      0.17691372334957123,
      0.13449333608150482,
      0.21444480121135712,
      0.1714513599872589,
      0.24089495837688446,
      0.19748808443546295,
      0.6168369650840759,
      0.19822804629802704,
      0.6123752593994141,
      0.42186135053634644,
      0.09645530581474304,
      0.013941340148448944,
      0.010460921563208103,
      0.42389997839927673,
      0.5348629951477051,
      0.4801363945007324,
      0.4648745059967041,
      0.4809158742427826,
      0.5236582159996033,
      0.400824636220932,
      0.5423813462257385
    ],
    "percentile_1": [
      0.002498999945819379,
      -1.2537010180950166,
      0.9825969737768173,
      0.9391969841718674,
      -1.5037020182609557,
      -0.43220001459121704,
      0.0,
      0.8912270057201386,
      0.0,
      0.0,
      0.0,
      0.0,
      0.0,
      0.0,
      0.0,
      0.0,
      0.0,
      0.0,
      -0.5941049987077713,
      -1.6537059938907623,
      0.6569990050792694,
      -2.123601005077362,
      0.08648899652063848,
      -2.833199977874756,
      0.0,
      0.8047143816947937,
      0.0,
      0.0,
      0.0,
      0.0,
      0.0,
      0.0,
      0.0,
      0.0,
      0.0,
      0.0
    ],
    "percentile_99": [
      1.1981069707870484,
      -0.556990981698036,
      1.6482000350952148,
      1.996932963132859,
      -0.4330829852819439,
      0.2069000005722046,
      0.0,
      1.1692700278759003,
      0.23796718463301667,
      0.0,
      0.6151756024360686,
      0.07508325196802838,
      0.7079240036010744,
      0.13144873261452156,
      0.6245853430032742,
      0.1969412742555143,
      0.33604326546192576,
      1.0484753167629375,
      0.07909999787807465,
      -0.5990719938278192,
      1.5119009482860566,
      1.5433190000057269,
      1.0087030124664307,
      1.158091044425975,
      1.5724637627601623,
      1.300753220319748,
      0.03684422824531794,
      0.03214985582977534,
      1.0984444522857666,
      1.4957817840576184,
      1.1998877918720245,
      1.4642335700988867,
      1.389216490983963,
      1.5975296628475217,
      1.0346381986141204,
      1.8084850716590901
    ]
  },
  "metadata": {
    "num_samples": 10000,
    "state_dim": 36,
    "action_dim": 36,
    "num_episodes_processed": 293,
    "timestamp": "2025-11-15T23:04:37.229024"
  }
}