{
  "state": {
    "mean": [
      0.7973321080207825,
      -0.9454359412193298,
      1.093530297279358,
      0.03395571932196617,
      -0.814056396484375,
      0.8968773484230042,
      43.35328674316406,
      58.52759552001953,
      6.216229438781738,
      3.857635736465454,
      19.350910186767578,
      14.97654914855957,
      19.93892478942871,
      16.36052131652832,
      19.332378387451172,
      21.21798324584961,
      12.417285919189453,
      44.51523208618164,
      -0.746896505355835,
      -0.9714317917823792,
      1.1767641305923462,
      -0.2638518810272217,
      0.7795761823654175,
      -0.5241529941558838,
      41.40742492675781,
      59.667213439941406,
      1.6304079294204712,
      2.366326332092285,
      21.15549087524414,
      16.396631240844727,
      23.466623306274414,
      16.14716148376465,
      23.18427848815918,
      26.08354949951172,
      17.94878387451172,
      47.82733154296875
    ],
    "std": [
      0.3222971260547638,
      0.19488973915576935,
      0.27111804485321045,
      0.7193007469177246,
      0.5056270360946655,
      0.7979504466056824,
      19.31529426574707,
      12.064245223999023,
      18.50714111328125,
      3.878551959991455,
      18.20363426208496,
      27.659570693969727,
      19.572341918945312,
      30.9719181060791,
      21.287446975708008,
      35.17699432373047,
      21.323890686035156,
      39.8286247253418,
      0.32052478194236755,
      0.21197474002838135,
      0.272154837846756,
      0.7475659847259521,
      0.49956899881362915,
      0.712765634059906,
      21.36415672302246,
      12.239760398864746,
      5.49193811416626,
      3.4497716426849365,
      18.082006454467773,
      27.219980239868164,
      21.483640670776367,
      28.43422508239746,
      23.514760971069336,
      37.056541442871094,
      24.744823455810547,
      41.100067138671875
    ],
    "percentile_1": [
      0.164988175034523,
      -1.4734493494033813,
      0.6719691753387451,
      -0.8588922023773193,
      -1.6317616701126099,
      -2.044140577316284,
      1.1699999570846558,
      35.400001525878906,
      -1.25,
      -1.4900000095367432,
      0.5799999833106995,
      -1.8300000429153442,
      0.5,
      -1.9199999570846558,
      0.5799999833106995,
      -3.8299999237060547,
      0.6700000166893005,
      -1.0,
      -1.5230411291122437,
      -1.5226596593856812,
      0.6776912808418274,
      -2.977607488632202,
      -1.1285953521728516,
      -1.587891936302185,
      1.0800000429153442,
      31.170000076293945,
      -1.25,
      -1.8899999856948853,
      0.5,
      -1.25,
      0.5,
      -1.3300000429153442,
      0.5799999833106995,
      -0.5,
      0.41999998688697815,
      -3.4200000762939453
    ],
    "percentile_99": [
      1.4852750301361084,
      -0.5876592397689784,
      1.8671320676803589,
      2.982948064804077,
      1.0290303230285645,
      2.4206531047821045,
      81.79000091552734,
      84.62000274658203,
      95.44999694824219,
      9.8100004196167,
      63.720001220703125,
      108.69000244140625,
      72.80000305175781,
      110.77999877929688,
      85.95999908447266,
      110.61000061035156,
      91.12000274658203,
      110.94000244140625,
      -0.04329747334122658,
      -0.5617227554321289,
      1.8965057134628296,
      0.7146944403648376,
      1.6325246095657349,
      2.200160264968872,
      87.41000366210938,
      82.83000183105469,
      32.16999816894531,
      9.75,
      62.40999984741211,
      109.25,
      77.83000183105469,
      109.58000183105469,
      89.16000366210938,
      110.75,
      93.0,
      110.91000366210938
    ]
  },
  "action": {
    "mean": [
      0.7897053360939026,
      -0.9445971846580505,
      1.0948901176452637,
      0.030199484899640083,
      -0.9108355045318604,
      0.8915987610816956,
      0.7710432410240173,
      1.061498999595642,
      0.015856513753533363,
      0.07419687509536743,
      0.3618221580982208,
      0.3194751441478729,
      0.3688619136810303,
      0.33706825971603394,
      0.3458787202835083,
      0.40133175253868103,
      0.21112708747386932,
      0.7793447375297546,
      -0.7368720769882202,
      -0.9699172973632812,
      1.1785893440246582,
      -0.24705007672309875,
      0.8703304529190063,
      -0.521669328212738,
      0.7375836372375488,
      1.0947375297546387,
      0.02600882761180401,
      0.04609343782067299,
      0.3985907733440399,
      0.36033591628074646,
      0.42948269844055176,
      0.39836210012435913,
      0.41729605197906494,
      0.47455132007598877,
      0.3085503578186035,
      0.8694873452186584
    ],
    "std": [
      0.32419973611831665,
      0.19478464126586914,
      0.27134114503860474,
      0.7132607698440552,
      0.5375732779502869,
      0.798321008682251,
      0.38998427987098694,
      0.21103358268737793,
      0.11245116591453552,
      0.07027140259742737,
      0.3685738146305084,
      0.5683872103691101,
      0.3907509744167328,
      0.6078462600708008,
      0.4051468074321747,
      0.6429445743560791,
      0.39479121565818787,
      0.6999214291572571,
      0.32226067781448364,
      0.21227200329303741,
      0.27258795499801636,
      0.748380720615387,
      0.5410810708999634,
      0.7136842608451843,
      0.4200991690158844,
      0.20807965099811554,
      0.14135493338108063,
      0.06241374462842941,
      0.37096258997917175,
      0.5706037878990173,
      0.4160609543323517,
      0.6314055919647217,
      0.44577595591545105,
      0.6776233315467834,
      0.4447208642959595,
      0.7145832180976868
    ],
    "percentile_1": [
      0.1527000069618225,
      -1.4722000360488892,
      0.6733999848365784,
      -0.8263000249862671,
      -1.7351000308990479,
      -2.0497000217437744,
      0.0,
      0.6363320326805114,
      0.0,
      0.0,
      0.0,
      0.0,
      0.0,
      0.0,
      0.0,
      0.0,
      0.0,
      0.0,
      -1.5197999477386475,
      -1.5205999612808228,
      0.6789000034332275,
      -3.01200008392334,
      -1.2506999969482422,
      -1.593500018119812,
      0.0,
      0.5699861246347427,
      0.0,
      0.0,
      0.0,
      0.0,
      0.0,
      0.0,
      0.0,
      0.0,
      0.0,
      0.0
    ],
    "percentile_99": [
      1.4845120906829834,
      -0.5893999934196472,
      1.87090003490448,
      3.01200008392334,
      1.160599946975708,
      2.4195001125335693,
      1.7174736392498018,
      1.5012581944465637,
      0.5173724091053021,
      0.17599999904632568,
      1.2895672070980073,
      1.9210000038146973,
      1.438918401002884,
      1.9210000038146973,
      1.5778344106674194,
      1.9210000038146973,
      1.622467762231827,
      1.9210000038146973,
      -0.0340999998152256,
      -0.5587999820709229,
      1.9002000093460083,
      0.6951000094413757,
      1.7619999647140503,
      2.201003975868229,
      1.6090337073802947,
      1.4909807682037353,
      0.8076693916320802,
      0.17599999904632568,
      1.2754979181289674,
      1.9210000038146973,
      1.4664035046100619,
      1.940999984741211,
      1.6080777692794799,
      1.9210000038146973,
      1.636735908985138,
      1.9210000038146973
    ]
  },
  "metadata": {
    "num_samples": 1000000,
    "state_dim": 36,
    "action_dim": 36,
    "num_episodes_processed": 1001,
    "timestamp": "2025-09-09T19:58:38.986057"
  }
}