{
  "state": {
    "mean": [
      0.7971737384796143,
      -0.9489665031433105,
      1.1219393014907837,
      0.10719683766365051,
      -0.8097125291824341,
      0.7502323389053345,
      42.75363540649414,
      56.827030181884766,
      7.736639499664307,
      3.756063222885132,
      18.038530349731445,
      14.494375228881836,
      18.917495727539062,
      15.580793380737305,
      18.353652954101562,
      20.10567283630371,
      12.108482360839844,
      43.144256591796875,
      -0.7481608390808105,
      -0.9801092147827148,
      1.1978683471679688,
      -0.28977006673812866,
      0.7999725937843323,
      -0.45331910252571106,
      42.42512130737305,
      56.856544494628906,
      1.8970732688903809,
      2.60615873336792,
      21.324417114257812,
      17.52545738220215,
      23.413408279418945,
      18.473365783691406,
      23.27901268005371,
      25.54688262939453,
      17.758853912353516,
      46.86213684082031
    ],
    "std": [
      0.30852267146110535,
      0.19165845215320587,
      0.26396921277046204,
      0.750507116317749,
      0.507451593875885,
      0.7893049716949463,
      18.959075927734375,
      11.67043685913086,
      20.66010284423828,
      3.80448055267334,
      17.821514129638672,
      27.335445404052734,
      18.91813850402832,
      30.34996223449707,
      20.647939682006836,
      34.31028747558594,
      20.79330062866211,
      39.27166748046875,
      0.31342366337776184,
      0.22375015914440155,
      0.28957492113113403,
      0.7849795818328857,
      0.5082978010177612,
      0.7245312929153442,
      19.4736270904541,
      13.03974437713623,
      6.6523308753967285,
      3.6335577964782715,
      18.628833770751953,
      28.06792640686035,
      21.50318717956543,
      29.85028648376465,
      23.773303985595703,
      36.40382766723633,
      24.172395706176758,
      41.235191345214844
    ],
    "percentile_1": [
      0.200083926320076,
      -1.4715418815612793,
      0.6719691753387451,
      -0.8402037024497986,
      -1.621847152709961,
      -2.158583164215088,
      1.1699999570846558,
      32.97999954223633,
      -1.3300000429153442,
      -1.5199999809265137,
      0.5799999833106995,
      -1.25,
      0.5,
      -2.0,
      0.5799999833106995,
      -3.8299999237060547,
      0.6700000166893005,
      -1.0,
      -1.5005340576171875,
      -1.5436408519744873,
      0.6548027992248535,
      -2.977607488632202,
      -1.1655985116958618,
      -1.5173189640045166,
      1.0800000429153442,
      22.579198837280273,
      -1.1699999570846558,
      -2.140000104904175,
      0.0,
      -1.25,
      0.5,
      -1.3300000429153442,
      0.5,
      -0.41999998688697815,
      0.17000000178813934,
      -3.4200000762939453
    ],
    "percentile_99": [
      1.4646753072738647,
      -0.615129292011261,
      1.847298264503479,
      2.990962028503418,
      1.0534477233886719,
      2.1906232833862305,
      79.12999725341797,
      82.95999908447266,
      98.53070068359375,
      9.8100004196167,
      63.22062683105469,
      109.11000061035156,
      71.30000305175781,
      110.44000244140625,
      81.45999908447266,
      110.52999877929688,
      88.54000091552734,
      110.94000244140625,
      -0.053215838968753815,
      -0.5445563197135925,
      1.9232089519500732,
      0.6147478222846985,
      1.6252765655517578,
      2.0761806964874268,
      79.83000183105469,
      82.83000183105469,
      41.25,
      9.75,
      62.33000183105469,
      110.0,
      76.66000366210938,
      110.33000183105469,
      88.08000183105469,
      110.91000366210938,
      91.0,
      111.08000183105469
    ]
  },
  "action": {
    "mean": [
      0.7893502116203308,
      -0.948054313659668,
      1.1234818696975708,
      0.10019279271364212,
      -0.9022929668426514,
      0.7450762391090393,
      0.7561405301094055,
      1.027745008468628,
      0.024454716593027115,
      0.07171454280614853,
      0.33869847655296326,
      0.3061237633228302,
      0.35003069043159485,
      0.3234406113624573,
      0.32927802205085754,
      0.38720184564590454,
      0.20813830196857452,
      0.7601078748703003,
      -0.7380791306495667,
      -0.9782900214195251,
      1.199819803237915,
      -0.2725274860858917,
      0.8890387415885925,
      -0.4503343999385834,
      0.7696043252944946,
      1.060060977935791,
      0.03158383443951607,
      0.05145718902349472,
      0.4070333242416382,
      0.3910953998565674,
      0.43316832184791565,
      0.4111012816429138,
      0.41827839612960815,
      0.476387083530426,
      0.3089248538017273,
      0.8646266460418701
    ],
    "std": [
      0.3104664981365204,
      0.1916741579771042,
      0.26413074135780334,
      0.7473262548446655,
      0.5444300770759583,
      0.7895330786705017,
      0.3859238922595978,
      0.20807023346424103,
      0.14217253029346466,
      0.06877923756837845,
      0.3621807396411896,
      0.5600179433822632,
      0.38184988498687744,
      0.5954269766807556,
      0.3973551094532013,
      0.6317819952964783,
      0.3914320170879364,
      0.6915358304977417,
      0.315114825963974,
      0.2239392250776291,
      0.28997883200645447,
      0.7873079180717468,
      0.553300678730011,
      0.7253071665763855,
      0.39426493644714355,
      0.21600934863090515,
      0.14795520901679993,
      0.06514464318752289,
      0.38515228033065796,
      0.583701491355896,
      0.4176361858844757,
      0.628510594367981,
      0.44355934858322144,
      0.6784632205963135,
      0.43879666924476624,
      0.7150545716285706
    ],
    "percentile_1": [
      0.1880989968776703,
      -1.472599983215332,
      0.6731135845184326,
      -0.7958999872207642,
      -1.731600046157837,
      -2.1680290699005127,
      0.0,
      0.5872427225112915,
      0.0,
      0.0,
      0.0,
      0.0,
      0.0,
      0.0,
      0.0,
      0.0,
      0.0,
      0.0,
      -1.500152587890625,
      -1.5420000553131104,
      0.6547999978065491,
      -3.01200008392334,
      -1.2833009958267212,
      -1.521299958229065,
      0.0,
      0.5117349624633789,
      0.0,
      0.0,
      0.0,
      0.0,
      0.0,
      0.0,
      0.0,
      0.0,
      0.0,
      0.0
    ],
    "percentile_99": [
      1.4646753072738647,
      -0.6132217645645142,
      1.8505008220672607,
      3.01200008392334,
      1.1937023401260376,
      2.188999891281128,
      1.6809488534927368,
      1.4625849723815918,
      0.8422791957855225,
      0.17599999904632568,
      1.2700918912887573,
      1.9210000038146973,
      1.4431508779525757,
      1.9210000038146973,
      1.5593898296356201,
      1.9210000038146973,
      1.6093950271606445,
      1.9210000038146973,
      -0.04444190114736557,
      -0.5437933802604675,
      1.9282015562057495,
      0.5978039503097534,
      1.75660240650177,
      2.0817008018493652,
      1.5850284099578857,
      1.479464054107666,
      0.9271745681762695,
      0.17599999904632568,
      1.2900433540344238,
      1.9210000038146973,
      1.4518972635269165,
      1.940999984741211,
      1.588659644126892,
      1.9210000038146973,
      1.6043931245803833,
      1.9210000038146973
    ]
  },
  "metadata": {
    "num_samples": 100000,
    "state_dim": 36,
    "action_dim": 36,
    "num_episodes_processed": 626,
    "timestamp": "2025-08-28T13:47:07.532157"
  }
}