{
  "state": {
    "mean": [
      0.4023447632789612,
      -0.9519622921943665,
      1.1565558910369873,
      -0.003520755795761943,
      -0.6455170512199402,
      0.8458550572395325,
      -1.0641497373580933,
      -0.8353239297866821,
      0.9728590846061707,
      -2.5578479766845703,
      -0.9858434796333313,
      2.300776243209839,
      0.8663312792778015,
      1.0316364765167236,
      0.20168863236904144,
      0.010509536601603031,
      0.5311897397041321,
      0.36139827966690063,
      0.49539217352867126,
      0.33593782782554626,
      0.4195803105831146,
      0.5484885573387146,
      0.245023712515831,
      1.211849570274353,
      1.0911506414413452,
      0.9968652129173279,
      0.021264756098389626,
      -0.00024774982011877,
      0.6778184771537781,
      0.6050252318382263,
      0.6966656446456909,
      0.7461102604866028,
      0.6771709322929382,
      0.9467439651489258,
      0.5534617900848389,
      1.349250078201294
    ],
    "std": [
      0.29454755783081055,
      0.22685270011425018,
      0.2826528251171112,
      0.2889534831047058,
      0.289750874042511,
      0.4013320803642273,
      0.38516858220100403,
      0.14547711610794067,
      0.18418024480342865,
      0.9076223969459534,
      0.8213841915130615,
      1.0874768495559692,
      0.24551887810230255,
      0.14327259361743927,
      0.39069461822509766,
      0.030922703444957733,
      0.18107356131076813,
      0.4429722726345062,
      0.24600379168987274,
      0.486555814743042,
      0.2948905825614929,
      0.5403226017951965,
      0.32854148745536804,
      0.41414234042167664,
      0.262319952249527,
      0.13349056243896484,
      0.04234712943434715,
      0.022025596350431442,
      0.23765015602111816,
      0.38246679306030273,
      0.26866933703422546,
      0.4763372242450714,
      0.31215938925743103,
      0.49997004866600037,
      0.35602742433547974,
      0.4689736068248749
    ],
    "percentile_1": [
      -0.1348516047000885,
      -1.346799373626709,
      0.6425879591703415,
      -0.756301999092102,
      -1.6149767637252808,
      0.12531089782714844,
      -1.5699626207351685,
      -1.1697986125946045,
      0.716216504573822,
      -2.977607488632202,
      -1.6474021673202515,
      -0.4087510406970978,
      0.33719760179519653,
      0.7297221422195435,
      -0.013089969754219055,
      -0.01745329238474369,
      0.10470405004918577,
      0.004363323096185923,
      0.02042035199701786,
      -0.023228587843477713,
      0.013089969754219055,
      -0.05235987901687622,
      0.016057029366493225,
      0.004363323096185923,
      0.02321287989616394,
      0.7155849933624268,
      0.0013962633674964309,
      -0.014137166552245617,
      0.011693705804646015,
      -0.011693705804646015,
      0.008726646192371845,
      -0.02042035199701786,
      0.008726646192371845,
      0.0,
      0.008726646192371845,
      -0.05532693862915039
    ],
    "percentile_99": [
      0.9954604506492615,
      -0.5083123445510863,
      1.6489280462265015,
      0.7291905283927917,
      -0.23327229917049408,
      2.3462653160095215,
      -0.12796215683221768,
      -0.4964904189109802,
      1.3933660995960242,
      0.14477378144860276,
      1.6592469227314,
      2.903982639312744,
      1.3461724519729614,
      1.373806256055833,
      1.7545795440673828,
      0.1319468915462494,
      0.8532914519309998,
      1.5322245359420776,
      0.9667378664016724,
      1.5074409246444702,
      0.9929178357124329,
      1.5482815504074097,
      1.029250370264054,
      1.8724031603336337,
      1.4034192562103271,
      1.3919000625610352,
      0.07557275891304016,
      0.10402162373065948,
      0.9323548674583435,
      1.4688847982883457,
      1.0093239545822144,
      1.8310248851776123,
      1.1009676611423496,
      1.9212584495544434,
      1.1504337835311909,
      1.9488346576690674
    ]
  },
  "action": {
    "mean": [
      0.36961039900779724,
      -0.9692284464836121,
      1.1856123208999634,
      -0.04646072909235954,
      -0.784054160118103,
      0.8654765486717224,
      -0.9950788021087646,
      -0.8556485176086426,
      1.006515383720398,
      -2.5623583793640137,
      -1.0542157888412476,
      2.3051846027374268,
      0.8988759517669678,
      1.1169838905334473,
      0.0026077628135681152,
      0.012584839947521687,
      0.5531820058822632,
      0.45022714138031006,
      0.5115662217140198,
      0.39835575222969055,
      0.42532530426979065,
      0.5937737822532654,
      0.23581799864768982,
      1.2279094457626343,
      1.1502820253372192,
      1.0929383039474487,
      0.010378039442002773,
      0.008758014999330044,
      0.7344489693641663,
      0.7698363065719604,
      0.7266563177108765,
      0.8156408667564392,
      0.6755539774894714,
      0.9708368182182312,
      0.547247588634491,
      1.3482953310012817
    ],
    "std": [
      0.2909688949584961,
      0.20862916111946106,
      0.26315852999687195,
      0.25258317589759827,
      0.3162509500980377,
      0.3938382863998413,
      0.38783887028694153,
      0.14418813586235046,
      0.18597982823848724,
      0.9381558299064636,
      0.9069659113883972,
      1.0929876565933228,
      0.3239454925060272,
      0.13691267371177673,
      0.006768908351659775,
      0.02986750565469265,
      0.20919397473335266,
      0.5381981730461121,
      0.2767972946166992,
      0.5477926135063171,
      0.3179597854614258,
      0.5661520957946777,
      0.3368392586708069,
      0.4177357852458954,
      0.30194878578186035,
      0.13192452490329742,
      0.07189011573791504,
      0.024804867804050446,
      0.3010620176792145,
      0.46839532256126404,
      0.32962527871131897,
      0.5172010660171509,
      0.3504788279533386,
      0.526669442653656,
      0.3681231141090393,
      0.4925568997859955
    ],
    "percentile_1": [
      -0.17190000414848328,
      -1.365399956703186,
      0.6762999892234802,
      -0.7296000123023987,
      -1.7318999767303467,
      0.2157970021665097,
      -1.5205999612808228,
      -1.1735999584197998,
      0.7465999722480774,
      -3.01200008392334,
      -1.7634999752044678,
      -0.41499999165534973,
      0.25918447971343994,
      0.762414813041687,
      0.0,
      0.0,
      0.09867067635059357,
      0.0,
      0.007407179567962885,
      0.0,
      0.0,
      0.0,
      0.0,
      0.0,
      0.0,
      0.7386853694915771,
      0.0,
      0.0,
      0.0,
      0.0,
      0.0,
      0.0,
      0.0,
      0.0,
      0.0,
      0.0
    ],
    "percentile_99": [
      0.984000027179718,
      -0.5315999984741211,
      1.653499960899353,
      0.5633000135421753,
      -0.3400999903678894,
      2.350800037384033,
      -0.10019999742507935,
      -0.49390000104904175,
      1.4046000242233276,
      0.1979999989271164,
      1.7615000009536743,
      2.912899971008301,
      1.4945108890533447,
      1.426186442375183,
      0.02371891401708126,
      0.13963449001312256,
      0.9116815328598022,
      1.5565266609191895,
      1.0480362176895142,
      1.6052814722061157,
      1.0464893579483032,
      1.597622275352478,
      1.0274782180786133,
      1.8767629861831665,
      1.4878267049789429,
      1.3894964456558228,
      0.328129380941391,
      0.12267152965068817,
      1.0943419933319092,
      1.51620614528656,
      1.1208959817886353,
      1.855078101158142,
      1.1595085859298706,
      1.9209872484207153,
      1.174103021621704,
      1.9210000038146973
    ]
  },
  "metadata": {
    "num_samples": 10000,
    "state_dim": 36,
    "action_dim": 36,
    "failed_samples": 0,
    "timestamp": "2025-09-07T18:28:19.263693"
  }
}