{
  "state": {
    "mean": [
      0.8059840798377991,
      -0.9585355520248413,
      1.1688300371170044,
      -0.2485819309949875,
      -0.6274758577346802,
      0.0888681411743164,
      42.101619720458984,
      59.55613708496094,
      4.440428256988525,
      4.672258377075195,
      19.316652297973633,
      23.54925537109375,
      20.844345092773438,
      22.732891082763672,
      19.164670944213867,
      31.448955535888672,
      16.54741859436035,
      54.155860900878906,
      -0.7349093556404114,
      -0.8047190308570862,
      1.0029605627059937,
      -0.3884076774120331,
      0.7345480918884277,
      -0.5256764888763428,
      40.306114196777344,
      61.28509521484375,
      5.04871940612793,
      3.2415406703948975,
      21.046611785888672,
      23.063032150268555,
      20.445648193359375,
      27.12344741821289,
      20.137834548950195,
      35.56852340698242,
      17.18904685974121,
      58.69953155517578
    ],
    "std": [
      0.38837388157844543,
      0.19651444256305695,
      0.24927067756652832,
      1.0574060678482056,
      0.7413199543952942,
      1.3877406120300293,
      18.355722427368164,
      12.11197280883789,
      8.552610397338867,
      4.0966339111328125,
      18.925369262695312,
      33.27580642700195,
      22.349430084228516,
      36.231544494628906,
      23.119205474853516,
      39.823944091796875,
      26.23590660095215,
      44.92756271362305,
      0.4479466378688812,
      0.29859232902526855,
      0.3559509813785553,
      0.8298124074935913,
      0.49907615780830383,
      0.6312450766563416,
      23.564491271972656,
      15.17208480834961,
      15.00918197631836,
      3.7630598545074463,
      17.963050842285156,
      32.3492546081543,
      20.66725730895996,
      36.323463439941406,
      23.75273323059082,
      39.064022064208984,
      28.328243255615234,
      44.79429626464844
    ],
    "percentile_1": [
      0.09365224838256836,
      -1.4562866687774658,
      0.691805899143219,
      -2.9543373584747314,
      -1.6279468536376953,
      -2.9688334465026855,
      2.5,
      33.47839954376221,
      -0.8299999833106995,
      -0.9100000262260437,
      0.6700000166893005,
      -1.75,
      0.5799999833106995,
      -2.0799999237060547,
      0.5799999833106995,
      -3.5799999237060547,
      -0.0,
      -1.1699999570846558,
      -1.6924163103103638,
      -1.3948806524276733,
      0.0020981156267225742,
      -2.977607488632202,
      -0.36755168437957764,
      -1.3666361570358276,
      1.1699999570846558,
      11.918300075531008,
      -1.1699999570846558,
      -1.5199999809265137,
      0.5,
      -2.0,
      0.5,
      -1.5800000429153442,
      0.5799999833106995,
      -3.4200000762939453,
      0.0,
      -2.5799999237060547
    ],
    "percentile_99": [
      1.6504539251327515,
      -0.608640432357788,
      1.7488784790039062,
      2.808995246887207,
      1.4932860136032104,
      1.3067482709884644,
      79.13079727172854,
      84.0,
      46.560001373291016,
      9.829999923706055,
      72.91170364379886,
      110.25,
      85.58080184936526,
      110.58000183105469,
      93.0,
      110.44000244140625,
      99.25,
      110.86000061035156,
      0.04558632895350456,
      -0.0032425422687083483,
      1.6752498149871826,
      0.40647363692522076,
      1.6290913820266724,
      1.7896925210952759,
      108.33000183105469,
      85.33000183105469,
      84.91170364379886,
      9.829999923706055,
      67.08000183105469,
      108.83000183105469,
      81.33000183105469,
      109.75080001831057,
      95.83000183105469,
      110.91000366210938,
      104.58000183105469,
      111.16000366210938
    ]
  },
  "action": {
    "mean": [
      0.8059840798377991,
      -0.9585355520248413,
      1.1688300371170044,
      -0.2485819309949875,
      -0.6274758577346802,
      0.0888681411743164,
      0.7743349075317383,
      1.0376852750778198,
      0.07384033501148224,
      0.09130682051181793,
      0.3521774113178253,
      0.4377293586730957,
      0.3649422228336334,
      0.44916871190071106,
      0.35308048129081726,
      0.5774977803230286,
      0.3001009225845337,
      0.9471951127052307,
      -0.7349093556404114,
      -0.8047190308570862,
      1.0029605627059937,
      -0.3884076774120331,
      0.7345480918884277,
      -0.5256764888763428,
      0.6779742240905762,
      1.1500853300094604,
      0.07872182875871658,
      0.058042023330926895,
      0.39026206731796265,
      0.5115951895713806,
      0.39561620354652405,
      0.5126855373382568,
      0.37596163153648376,
      0.673905074596405,
      0.28851577639579773,
      1.06125009059906
    ],
    "std": [
      0.38837388157844543,
      0.19651444256305695,
      0.24927067756652832,
      1.0574060678482056,
      0.7413199543952942,
      1.3877406120300293,
      0.39795342087745667,
      0.22212880849838257,
      0.27703970670700073,
      0.07473153620958328,
      0.382998526096344,
      0.6303192973136902,
      0.4294980466365814,
      0.6705310344696045,
      0.47271350026130676,
      0.7060866355895996,
      0.5046019554138184,
      0.7964326739311218,
      0.4479466378688812,
      0.29859232902526855,
      0.3559509813785553,
      0.8298124074935913,
      0.49907615780830383,
      0.6312450766563416,
      0.4171660244464874,
      0.21623770892620087,
      0.2485564649105072,
      0.06805930286645889,
      0.35150253772735596,
      0.679222822189331,
      0.3961515724658966,
      0.7060125470161438,
      0.4371121823787689,
      0.7290873527526855,
      0.48782411217689514,
      0.7607541084289551
    ],
    "percentile_1": [
      0.09365224838256836,
      -1.4562866687774658,
      0.691805899143219,
      -2.9543373584747314,
      -1.6279468536376953,
      -2.9688334465026855,
      0.0,
      0.4182127177715302,
      0.0,
      0.0,
      0.0,
      0.0,
      0.0,
      0.0,
      0.0,
      0.0,
      0.0,
      0.0,
      -1.6924163103103638,
      -1.3948806524276733,
      0.0020981156267225742,
      -2.977607488632202,
      -0.36755168437957764,
      -1.3666361570358276,
      0.0,
      0.5967611765861511,
      0.0,
      0.0,
      0.0,
      0.0,
      0.0,
      0.0,
      0.0,
      0.0,
      0.0,
      0.0
    ],
    "percentile_99": [
      1.6504539251327515,
      -0.608640432357788,
      1.7488784790039062,
      2.808995246887207,
      1.4932860136032104,
      1.3067482709884644,
      1.7664046037197114,
      1.5172099089622497,
      1.5053074753284454,
      0.17599999904632568,
      1.3792561554908753,
      1.9210000038146973,
      1.5722601056098944,
      1.9210000038146973,
      1.7017223203182223,
      1.9210000038146973,
      1.8463485467433933,
      1.9210000038146973,
      0.04558632895350456,
      -0.0032425422687083483,
      1.6752498149871826,
      0.40647363692522076,
      1.6290913820266724,
      1.7896925210952759,
      1.6884531974792487,
      1.4974186050891878,
      1.2397235834598541,
      0.17599999904632568,
      1.3593248808383944,
      1.9210000038146973,
      1.503853442668915,
      1.940999984741211,
      1.6330375695228578,
      1.9210000038146973,
      1.7036419093608857,
      1.9210000038146973
    ]
  },
  "metadata": {
    "num_samples": 10000,
    "state_dim": 36,
    "action_dim": 36,
    "num_episodes_processed": 44,
    "timestamp": "2025-08-08T19:50:39.701752"
  }
}