{
  "state": {
    "mean": [
      0.657606303691864,
      -0.949191689491272,
      1.1381038427352905,
      0.3271237313747406,
      -0.605558454990387,
      0.5597637295722961,
      0.7607375383377075,
      0.9947388768196106,
      0.10852234810590744,
      0.042024463415145874,
      0.3513404428958893,
      0.2745659649372101,
      0.36503687500953674,
      0.29914888739585876,
      0.35687994956970215,
      0.4049915671348572,
      0.24743323028087616,
      0.8577519655227661,
      -0.6902571320533752,
      -0.9238041043281555,
      1.0981465578079224,
      -0.2744450867176056,
      0.740403413772583,
      -0.3753945231437683,
      0.7494120597839355,
      1.0098094940185547,
      0.016618406400084496,
      0.03361592814326286,
      0.3756447732448578,
      0.3118706941604614,
      0.41555771231651306,
      0.37005144357681274,
      0.41428130865097046,
      0.5111550092697144,
      0.34214532375335693,
      0.8726797699928284
    ],
    "std": [
      0.33924368023872375,
      0.2067456692457199,
      0.30804240703582764,
      1.0014628171920776,
      0.5980122089385986,
      1.0247400999069214,
      0.33502787351608276,
      0.17180044949054718,
      0.31421416997909546,
      0.05897935852408409,
      0.3215363919734955,
      0.4996105432510376,
      0.3580385744571686,
      0.5376031994819641,
      0.39282771944999695,
      0.6117069721221924,
      0.40718990564346313,
      0.6733724474906921,
      0.3480052947998047,
      0.24905915558338165,
      0.3082389831542969,
      0.8506544828414917,
      0.5243903398513794,
      0.7264019250869751,
      0.3837835490703583,
      0.18013234436511993,
      0.041006866842508316,
      0.060896795243024826,
      0.3009687066078186,
      0.4516874849796295,
      0.3446928858757019,
      0.5297393202781677,
      0.3854709267616272,
      0.6282575726509094,
      0.4190048277378082,
      0.7160242199897766
    ],
    "percentile_1": [
      -0.09861142933368683,
      -1.5039750337600708,
      0.6135957837104797,
      -1.0645265591144562,
      -1.5962882041931152,
      -2.5404365062713623,
      0.02321287989616394,
      0.6642583453655243,
      -0.042236968874931335,
      -0.021118484437465668,
      0.01012290921062231,
      -0.02042035199701786,
      0.010108946580439818,
      -0.027576202526688576,
      0.011693705804646015,
      -0.05673716239631175,
      0.011693705804646015,
      -0.016057029366493225,
      -1.338025450706482,
      -1.506637692451477,
      0.5128938555717468,
      -2.977607488632202,
      -1.241550326347351,
      -1.784740926027298,
      0.01745329238474369,
      0.6108652353286743,
      -0.02321287989616394,
      -0.042062435299158096,
      0.01012290921062231,
      -0.013089969754219055,
      0.008726646192371845,
      -0.021816615015268326,
      0.008726646192371845,
      -0.005759586580097675,
      0.008726646192371845,
      -0.04660029336810112
    ],
    "percentile_99": [
      1.3670176267623901,
      -0.531563282012939,
      1.967078685760498,
      2.9932479858398438,
      1.4353246688842778,
      2.3462653160095215,
      1.3446016311645508,
      1.3898056745529175,
      1.5584323704242713,
      0.16982053220272064,
      1.1789699792861938,
      1.934872031211853,
      1.4086551666259766,
      1.913055419921875,
      1.651460276842118,
      1.9188307237625126,
      1.7226399183273315,
      1.9362683296203613,
      0.12230105757713401,
      -0.20084688067436218,
      1.8270771503448486,
      2.9810407161712646,
      1.526863456964493,
      2.297436475753784,
      1.49225652217865,
      1.4194762706756592,
      0.11206410102546245,
      0.16982053220272064,
      1.0412791681289677,
      1.8718656301498413,
      1.192583441734314,
      1.9081684350967407,
      1.5081390142440796,
      1.9299850463867188,
      1.519832730293274,
      1.9518157386779789
    ]
  },
  "action": {
    "mean": [
      0.6491194367408752,
      -0.9466443061828613,
      1.1398625373840332,
      0.3178791403770447,
      -0.6852666735649109,
      0.5567857623100281,
      0.7943543195724487,
      1.0393873453140259,
      0.023786531761288643,
      0.04610121622681618,
      0.3812054991722107,
      0.33689218759536743,
      0.38786065578460693,
      0.36213138699531555,
      0.3673858940601349,
      0.43971961736679077,
      0.2408897429704666,
      0.8606641888618469,
      -0.6797016859054565,
      -0.9216371774673462,
      1.0998564958572388,
      -0.2580801248550415,
      0.8272852301597595,
      -0.37222781777381897,
      0.7935901284217834,
      1.0810052156448364,
      0.008804253302514553,
      0.03902702406048775,
      0.4169187843799591,
      0.4020073711872101,
      0.4466065466403961,
      0.4507967233657837,
      0.4401561915874481,
      0.5531567335128784,
      0.34983065724372864,
      0.9325428605079651
    ],
    "std": [
      0.34195712208747864,
      0.20729167759418488,
      0.3084600865840912,
      0.9984425902366638,
      0.6535632014274597,
      1.0258952379226685,
      0.4074592888355255,
      0.1815474033355713,
      0.14991648495197296,
      0.06112246215343475,
      0.37514594197273254,
      0.569175660610199,
      0.4026458263397217,
      0.610188901424408,
      0.4211777150630951,
      0.6450751423835754,
      0.4196189343929291,
      0.6777298450469971,
      0.3489636480808258,
      0.24963471293449402,
      0.30891257524490356,
      0.8481789827346802,
      0.5679751634597778,
      0.7267764210700989,
      0.4546908736228943,
      0.17586195468902588,
      0.06004210188984871,
      0.06174735724925995,
      0.36662527918815613,
      0.5617994666099548,
      0.393350213766098,
      0.6343809366226196,
      0.42947301268577576,
      0.685219407081604,
      0.44715872406959534,
      0.7111808657646179
    ],
    "percentile_1": [
      -0.10499999672174454,
      -1.5003120493888855,
      0.619178991317749,
      -1.0722029411792755,
      -1.7246999740600586,
      -2.553700850009918,
      0.0,
      0.6604018950462341,
      0.0,
      0.0,
      0.0,
      0.0,
      0.0,
      0.0,
      0.0,
      0.0,
      0.0,
      0.0,
      -1.338025450706482,
      -1.5040049493312835,
      0.5100990068912507,
      -2.977607488632202,
      -1.3535390079021454,
      -1.782528028488159,
      0.0,
      0.6244930785894394,
      0.0,
      0.0,
      0.0,
      0.0,
      0.0,
      0.0,
      0.0,
      0.0,
      0.0,
      0.0
    ],
    "percentile_99": [
      1.363800048828125,
      -0.5279969972372054,
      1.968999981880188,
      3.01200008392334,
      1.4417868852615356,
      2.3505001068115234,
      1.769433923959732,
      1.4127839732170107,
      0.9699369043111802,
      0.17599999904632568,
      1.301149106025696,
      1.9210000038146973,
      1.4703796577453623,
      1.9210000038146973,
      1.663136135339737,
      1.9210000038146973,
      1.724521292448044,
      1.9210000038146973,
      0.1329259996116167,
      -0.19509999454021454,
      1.8303009736537934,
      3.0083999633789062,
      1.6905120205879214,
      2.3018999099731445,
      1.6009759259223941,
      1.4477852249145509,
      0.1611810246109963,
      0.17599999904632568,
      1.2038968694210062,
      1.9210000038146973,
      1.317825533151627,
      1.940999984741211,
      1.5201927661895758,
      1.9210000038146973,
      1.5460152149200441,
      1.9210000038146973
    ]
  },
  "metadata": {
    "num_samples": 10000,
    "state_dim": 36,
    "action_dim": 36,
    "num_episodes_processed": 5605,
    "timestamp": "2025-11-15T22:59:20.968663"
  }
}