{
  "state": {
    "mean": [
      0.45755592631402314,
      0.5872056343498046,
      0.45127195141624227,
      0.46947749590225984,
      0.3205369387940038,
      0.7151546574572463,
      0.516791741498488,
      0.5161596747386248,
      0.11121464042290392,
      0.519762199248057,
      0.25811866393700716,
      0.2258877601894694,
      0.2384056342800388,
      0.22024703236634158,
      0.2010928919308412,
      0.30721970124291254,
      0.166726136570986,
      0.49384394358851813,
      0.5509255173800514,
      0.42407826786323577,
      0.5981919934085091,
      0.7651109464177104,
      0.5519742086871338,
      0.2664358134156114,
      0.3652113077138798,
      0.6724514846703122,
      0.07224121664891714,
      0.4195175350054561,
      0.3086008031453702,
      0.2261423343910405,
      0.2467615444073289,
      0.25782363437694455,
      0.2053326274420353,
      0.341018695104427,
      0.16436379707408447,
      0.5387614998582461
    ],
    "std": [
      0.2494676591738147,
      0.23183379135598467,
      0.23581326301470246,
      0.1834716522580806,
      0.23750893662232267,
      0.32457362409564405,
      0.23953512765268295,
      0.23973933963364888,
      0.18047344597298778,
      0.38143899070271853,
      0.2619737906107497,
      0.2971054937176726,
      0.2629311399194792,
      0.32160110648581486,
      0.2501542553508537,
      0.3492722233000985,
      0.2643436525103834,
      0.4010316362063305,
      0.25773594946634754,
      0.21456170829517585,
      0.21274302173163384,
      0.24521026120399,
      0.2499575276359595,
      0.19999270896496735,
      0.21990015122117818,
      0.20667153765257112,
      0.17435901253470137,
      0.3315461328858342,
      0.26979572226577314,
      0.29188021697701627,
      0.2556879337210651,
      0.32626558188613375,
      0.2493712086421934,
      0.3416794368262102,
      0.27088131695452305,
      0.39382881211608595
    ],
    "percentile_1": [
      0.0,
      4.092863201132779e-18,
      0.0,
      0.0,
      0.0,
      0.0,
      0.0,
      6.3019251275719945e-18,
      0.0,
      0.0,
      0.0,
      0.0,
      0.0,
      0.0,
      0.0,
      0.0,
      0.0,
      0.0,
      0.0,
      9.971271855077624e-18,
      0.0,
      0.0,
      0.0,
      0.0,
      0.0,
      -2.1650162131819917e-18,
      0.0,
      0.0,
      0.0,
      0.0,
      0.0,
      0.0,
      0.0,
      0.0,
      0.0,
      0.0
    ],
    "percentile_99": [
      1.0,
      1.0,
      1.0000000000000002,
      1.0,
      1.0,
      1.0,
      1.0,
      1.0,
      1.0,
      1.0,
      1.0,
      1.0,
      1.0,
      1.0,
      1.0,
      1.0,
      1.0,
      1.0,
      1.0,
      1.0,
      1.0,
      1.0,
      1.0,
      1.0,
      1.0,
      1.0,
      1.0,
      1.0,
      1.0,
      1.0,
      1.0,
      0.9999999999999999,
      1.0,
      1.0,
      1.0,
      1.0
    ]
  },
  "action": {
    "mean": [
      0.45755592631402314,
      0.5872056343498046,
      0.45127195141624227,
      0.46947749590225984,
      0.3205369387940038,
      0.7151546574572463,
      0.43836866242452505,
      0.563669109625453,
      0.04905329474841181,
      0.518776803426626,
      0.2553383565043348,
      0.22786639877024795,
      0.23211295724672992,
      0.23382185102368389,
      0.20748410614207827,
      0.30062571500037566,
      0.1625376345856206,
      0.4930790495826072,
      0.5509255173800514,
      0.42407826786323577,
      0.5981919934085091,
      0.7651109464177104,
      0.5519742086871338,
      0.2664358134156114,
      0.4015349631697352,
      0.6143544269438993,
      0.06349946673582699,
      0.3297833882070885,
      0.2870999760041227,
      0.26631886942180844,
      0.26306803596106026,
      0.26413600417495675,
      0.230222371992252,
      0.35081230548574344,
      0.1693528332296534,
      0.5524508363251746
    ],
    "std": [
      0.2494676591738147,
      0.23183379135598467,
      0.23581326301470246,
      0.1834716522580806,
      0.23750893662232267,
      0.32457362409564405,
      0.225289906807105,
      0.20211984737983535,
      0.1840467796686675,
      0.42462547891228697,
      0.2776859391747281,
      0.3281160475864952,
      0.2731734378401506,
      0.3490580568653029,
      0.2777832769670249,
      0.36756307640234515,
      0.2732909940873176,
      0.4145997224540095,
      0.25773594946634754,
      0.21456170829517585,
      0.21274302173163384,
      0.24521026120399,
      0.2499575276359595,
      0.19999270896496735,
      0.24707156346834155,
      0.2400888514026711,
      0.20048233951676306,
      0.38670893310416,
      0.25858563158654996,
      0.35357941563621537,
      0.2634267894610097,
      0.3637367467957055,
      0.2676669022630552,
      0.3795393083898444,
      0.28633877691836207,
      0.3960147643976413
    ],
    "percentile_1": [
      0.0,
      4.092863201132779e-18,
      0.0,
      0.0,
      0.0,
      0.0,
      0.0,
      -2.377621482942821e-17,
      0.0,
      0.0,
      0.0,
      0.0,
      0.0,
      0.0,
      0.0,
      0.0,
      0.0,
      0.0,
      0.0,
      9.971271855077624e-18,
      0.0,
      0.0,
      0.0,
      0.0,
      0.0,
      -8.667264632779628e-18,
      0.0,
      0.0,
      0.0,
      0.0,
      0.0,
      0.0,
      0.0,
      0.0,
      0.0,
      0.0
    ],
    "percentile_99": [
      1.0,
      1.0,
      1.0000000000000002,
      1.0,
      1.0,
      1.0,
      1.0,
      1.0,
      1.0,
      1.0,
      1.0,
      1.0,
      1.0,
      1.0,
      1.0,
      1.0,
      1.0,
      1.0,
      1.0,
      1.0,
      1.0,
      1.0,
      1.0,
      1.0,
      1.0,
      0.9999999999999999,
      1.0,
      1.0,
      1.0,
      1.0,
      1.0,
      1.0,
      0.9999999999999999,
      1.0,
      1.0,
      1.0
    ]
  },
  "metadata": {
    "num_samples": 10000,
    "state_dim": 36,
    "action_dim": 36,
    "num_episodes_processed": 44,
    "timestamp": "2025-08-08T21:06:17.578498"
  }
}