{
  "state": {
    "mean": [
      0.728814423084259,
      -0.8824458122253418,
      1.011730432510376,
      0.10985726118087769,
      -0.804614782333374,
      0.5947132706642151,
      0.5686703324317932,
      1.2409965991973877,
      0.02083943784236908,
      0.015066579915583134,
      0.39984071254730225,
      0.19446994364261627,
      0.4189360439777374,
      0.17632555961608887,
      0.3963153064250946,
      0.33289337158203125,
      0.3005853593349457,
      0.5657663941383362,
      -0.6423787474632263,
      -0.9858261942863464,
      0.97515869140625,
      0.08086280524730682,
      0.7353997230529785,
      -0.7918208241462708,
      0.34509509801864624,
      1.2588610649108887,
      0.022879967465996742,
      0.014160430990159512,
      0.24406422674655914,
      0.1735357642173767,
      0.28159838914871216,
      0.14949430525302887,
      0.2590710520744324,
      0.15889447927474976,
      0.14390918612480164,
      0.5335681438446045
    ],
    "std": [
      0.3753874897956848,
      0.13219216465950012,
      0.22137975692749023,
      0.9598299264907837,
      0.4469532072544098,
      0.8189926147460938,
      0.5415059924125671,
      0.2222011834383011,
      0.1083771362900734,
      0.04353196173906326,
      0.36524277925491333,
      0.3548099398612976,
      0.3920722007751465,
      0.3480656147003174,
      0.3762827515602112,
      0.5300511121749878,
      0.38909822702407837,
      0.47941842675209045,
      0.3544371724128723,
      0.1702699065208435,
      0.2633665204048157,
      0.9502533078193665,
      0.5332880020141602,
      1.1284334659576416,
      0.3996393382549286,
      0.1505506932735443,
      0.02539830282330513,
      0.03738117963075638,
      0.2770176827907562,
      0.4369633197784424,
      0.33070823550224304,
      0.3902885317802429,
      0.3305875360965729,
      0.4223853349685669,
      0.29114609956741333,
      0.5688493251800537
    ],
    "percentile_1": [
      -0.03032730519771576,
      -1.360177755355835,
      0.4373617172241211,
      -1.7996490013599395,
      -1.5783665180206299,
      -2.2558631896972656,
      0.013089969754219055,
      0.9173293393850327,
      -0.039269909262657166,
      -0.010471975430846214,
      0.011693705804646015,
      -0.01745329238474369,
      0.008726646192371845,
      -0.018849557265639305,
      0.011693705804646015,
      -0.06684610992670059,
      0.01012290921062231,
      -0.01745329238474369,
      -1.4228694462776184,
      -1.3994430303573608,
      0.3278782367706299,
      -2.9082016944885254,
      -1.0927367210388184,
      -2.413027286529541,
      0.011693705804646015,
      0.9613134109973908,
      -0.0029670598451048136,
      -0.01151917316019535,
      -0.005759586580097675,
      -0.018849557265639305,
      -0.005759586580097675,
      -0.021816615015268326,
      -0.016057029366493225,
      -0.013089969754219055,
      0.0029670598451048136,
      -0.04660029336810112
    ],
    "percentile_99": [
      1.3063744306564333,
      -0.6723468303680419,
      1.8812924623489389,
      2.7792553901672368,
      0.6986724734306335,
      2.4263942241668706,
      1.3723523616790771,
      1.5090116262435913,
      0.22828906774520874,
      0.16703150048851975,
      1.023562332391741,
      1.9160363829135898,
      1.1135200262069702,
      1.9013617038726807,
      1.2022997069358852,
      1.9160224199295044,
      1.2938264763355258,
      1.9231783151626587,
      -0.0543297487124794,
      -0.6521324515342712,
      1.426146388053894,
      1.6004806756973267,
      1.6043030023574831,
      2.9695963859558105,
      1.3351768255233765,
      1.4486232995986938,
      0.11484266072511673,
      0.15934856235980988,
      1.0733774900436401,
      1.912531852722168,
      1.4399245095252997,
      1.918291449546814,
      1.6493360996246338,
      1.9285888671875,
      1.8572049140930176,
      1.9226547479629517
    ]
  },
  "action": {
    "mean": [
      0.7199701070785522,
      -0.8800674676895142,
      1.0141096115112305,
      0.10227631777524948,
      -0.8930844664573669,
      0.590997576713562,
      0.5790178775787354,
      1.2775599956512451,
      0.009896659292280674,
      0.017113808542490005,
      0.4254128336906433,
      0.2425205260515213,
      0.4478839337825775,
      0.26773518323898315,
      0.3986554741859436,
      0.3630269169807434,
      0.29110783338546753,
      0.5640634298324585,
      -0.633533775806427,
      -0.9824036359786987,
      0.9753413796424866,
      0.06665311753749847,
      0.8189679980278015,
      -0.787132978439331,
      0.3306967616081238,
      1.281852126121521,
      0.009741758927702904,
      0.016177235171198845,
      0.2369665950536728,
      0.16886375844478607,
      0.27478376030921936,
      0.1447453796863556,
      0.24908779561519623,
      0.1560141146183014,
      0.1300508975982666,
      0.5300651788711548
    ],
    "std": [
      0.37723422050476074,
      0.13374067842960358,
      0.22206270694732666,
      0.9370076656341553,
      0.48339366912841797,
      0.8176981210708618,
      0.5823482871055603,
      0.21029357612133026,
      0.0251013170927763,
      0.04529622942209244,
      0.4194396138191223,
      0.4123220443725586,
      0.4524843990802765,
      0.4435940384864807,
      0.3973574638366699,
      0.5605271458625793,
      0.39551684260368347,
      0.48123252391815186,
      0.3547936975955963,
      0.17070868611335754,
      0.26488351821899414,
      0.932220995426178,
      0.5744109749794006,
      1.1298753023147583,
      0.41719165444374084,
      0.1695251166820526,
      0.025394175201654434,
      0.03799836337566376,
      0.28849926590919495,
      0.4459924101829529,
      0.3390704393386841,
      0.40183332562446594,
      0.3397686779499054,
      0.4235292375087738,
      0.29463642835617065,
      0.5711075067520142
    ],
    "percentile_1": [
      -0.040800001472234726,
      -1.357520956993103,
      0.44056900769472124,
      -1.7202019429206847,
      -1.7284009921550751,
      -2.2613030862808228,
      0.0,
      0.9185255622863769,
      0.0,
      0.0,
      0.0,
      0.0,
      0.0,
      0.0,
      0.0,
      0.0,
      0.0,
      0.0,
      -1.4081269919872283,
      -1.394603033065796,
      0.32429999113082886,
      -2.9003880262374877,
      -1.1023030471801758,
      -2.410903115272522,
      0.0,
      0.9725814461708069,
      0.0,
      0.0,
      0.0,
      0.0,
      0.0,
      0.0,
      0.0,
      0.0,
      0.0,
      0.0
    ],
    "percentile_99": [
      1.302602026462555,
      -0.6723889976739881,
      1.8866610169410718,
      2.776208055019379,
      0.7598999738693237,
      2.405080072879795,
      1.3913892126083374,
      1.5709999799728394,
      0.12565285623073585,
      0.17599999904632568,
      1.1307718002796174,
      1.9209894323349,
      1.217618236541748,
      1.9210000038146973,
      1.21513960003853,
      1.9210000038146973,
      1.3199366235733032,
      1.9210000038146973,
      -0.04659799907356496,
      -0.6419000029563904,
      1.4263040482997895,
      1.5181000232696533,
      1.7618000507354736,
      2.979599952697754,
      1.3504159450531006,
      1.5709999799728394,
      0.10230769619345668,
      0.17583323299884795,
      1.216513632535935,
      1.9210000038146973,
      1.471902666091919,
      1.940999984741211,
      1.664639858007431,
      1.9210000038146973,
      1.870942487716675,
      1.9210000038146973
    ]
  },
  "metadata": {
    "num_samples": 10000,
    "state_dim": 36,
    "action_dim": 36,
    "num_episodes_processed": 293,
    "timestamp": "2025-12-04T16:15:23.044879"
  }
}