{
  "state": {
    "mean": [
      0.5930500626564026,
      -0.8575292229652405,
      1.4099963903427124,
      1.5085554122924805,
      -0.9410924911499023,
      -0.10533404350280762,
      1.6567009687423706,
      63.29283905029297,
      0.9046667218208313,
      0.015552273951470852,
      3.0842156410217285,
      1.0249789953231812,
      3.114734649658203,
      0.9682315587997437,
      2.8343722820281982,
      1.0336657762527466,
      1.9588267803192139,
      3.935608148574829,
      -0.2823476791381836,
      -1.0621720552444458,
      1.0956834554672241,
      -0.2811565697193146,
      0.40399548411369324,
      -0.6045510768890381,
      63.44237518310547,
      59.12407684326172,
      0.8681850433349609,
      0.04643018916249275,
      33.190574645996094,
      28.35793113708496,
      36.400543212890625,
      25.026586532592773,
      36.258628845214844,
      24.664209365844727,
      26.06754493713379,
      50.82465362548828
    ],
    "std": [
      0.20964783430099487,
      0.15699802339076996,
      0.15132927894592285,
      0.21646496653556824,
      0.17329294979572296,
      0.1688162088394165,
      4.089354038238525,
      3.448014259338379,
      0.7545079588890076,
      0.6687089800834656,
      7.775990962982178,
      9.863180160522461,
      8.64187240600586,
      10.300347328186035,
      8.660836219787598,
      10.654701232910156,
      8.07780647277832,
      12.345097541809082,
      0.1728491187095642,
      0.23806771636009216,
      0.20338106155395508,
      0.5889298915863037,
      0.23311592638492584,
      0.48793330788612366,
      23.16289710998535,
      5.812164306640625,
      0.719236433506012,
      0.688389241695404,
      22.261077880859375,
      27.41862678527832,
      25.229843139648438,
      25.689666748046875,
      25.703411102294922,
      27.85828399658203,
      22.36459732055664,
      28.734357833862305
    ],
    "percentile_1": [
      0.19016556441783905,
      -1.258297085762024,
      1.0790035724639893,
      0.7539826035499573,
      -1.4532310962677002,
      -0.44728007912635803,
      0.5799999833106995,
      54.55910137176514,
      -0.0,
      -0.6899999976158142,
      -1.0,
      -2.3299999237060547,
      -1.0,
      -1.5,
      -1.6699999570846558,
      -3.6600000858306885,
      0.6700000166893005,
      -2.0,
      -0.6403067111968994,
      -1.6691462993621826,
      0.6456473469734192,
      -1.2834782600402832,
      -0.056271456256508826,
      -2.046807050704956,
      0.8299999833106995,
      45.74919998168945,
      0.5,
      -0.6600000262260437,
      0.6700000166893005,
      -0.17000000178813934,
      0.5799999833106995,
      -1.1699999570846558,
      0.5799999833106995,
      -0.5799999833106995,
      0.5,
      -0.5799999833106995
    ],
    "percentile_99": [
      1.187342643737793,
      -0.5662928223609922,
      1.7687113285064697,
      1.928171992301941,
      -0.5460784435272216,
      0.23975738883018494,
      28.826699695587305,
      73.37999725341797,
      2.3299999237060547,
      0.5699999928474426,
      36.40250152587896,
      50.47590122222913,
      41.2424995422366,
      61.30839923858661,
      38.155001525879015,
      66.91829727172936,
      29.856599693299138,
      80.13249725341802,
      0.05855649709701538,
      -0.6303806900978086,
      1.4967193603515625,
      1.4772640466690063,
      0.8852140307426453,
      0.19512856006622323,
      91.25080001831057,
      81.16000366210938,
      1.8300000429153442,
      1.5399999618530273,
      62.65999984741211,
      73.25080001831057,
      71.33000183105469,
      73.5,
      73.75250000000005,
      76.58000183105469,
      57.08000183105469,
      98.16500366210948
    ]
  },
  "action": {
    "mean": [
      0.5889191627502441,
      -0.8582792282104492,
      1.410812258720398,
      1.4673608541488647,
      -0.9659422039985657,
      -0.10650869458913803,
      0.012737268581986427,
      1.0957849025726318,
      0.0031199699733406305,
      0.0009248582064174116,
      0.05116010829806328,
      0.020757196471095085,
      0.04797041416168213,
      0.020880384370684624,
      0.04038591682910919,
      0.021008450537919998,
      0.018263453617691994,
      0.0654284656047821,
      -0.27097147703170776,
      -1.0582185983657837,
      1.095632553100586,
      -0.26126888394355774,
      0.5086203217506409,
      -0.5996593832969666,
      1.1108213663101196,
      1.0845706462860107,
      0.0025515886954963207,
      0.003682494629174471,
      0.5969142317771912,
      0.5367874503135681,
      0.6415976285934448,
      0.45384594798088074,
      0.6327851414680481,
      0.4354349672794342,
      0.44483980536460876,
      0.8851386904716492
    ],
    "std": [
      0.21291860938072205,
      0.1606590747833252,
      0.1514127552509308,
      0.21222157776355743,
      0.1788487285375595,
      0.16971822082996368,
      0.09097762405872345,
      0.061496492475271225,
      0.01666400581598282,
      0.012429490685462952,
      0.14294461905956268,
      0.17871753871440887,
      0.15380986034870148,
      0.18221646547317505,
      0.15499629080295563,
      0.18698683381080627,
      0.14613103866577148,
      0.21493512392044067,
      0.1760215014219284,
      0.2388901710510254,
      0.20472490787506104,
      0.5709483027458191,
      0.22134020924568176,
      0.49043938517570496,
      0.41543304920196533,
      0.0977621078491211,
      0.007942209020256996,
      0.013404132798314095,
      0.414922833442688,
      0.5223268270492554,
      0.45771971344947815,
      0.46360069513320923,
      0.461012601852417,
      0.4979507327079773,
      0.3978658616542816,
      0.5033856630325317
    ],
    "percentile_1": [
      0.17949999868869781,
      -1.2731010186672211,
      1.0711990129947662,
      0.7238990199565888,
      -1.498101042509079,
      -0.44810100048780444,
      0.0,
      0.949512243270874,
      0.0,
      0.0,
      0.0,
      0.0,
      0.0,
      0.0,
      0.0,
      0.0,
      0.0,
      0.0,
      -0.6319000124931335,
      -1.6659109926223754,
      0.6431000232696533,
      -1.2147009837627412,
      0.06649900063872337,
      -2.0477129292488097,
      0.0,
      0.8021247386932373,
      0.0,
      0.0,
      0.0,
      0.0,
      0.0,
      0.0,
      0.0,
      0.0,
      0.0,
      0.0
    ],
    "percentile_99": [
      1.193608057498932,
      -0.5623000264167786,
      1.7657039833068848,
      1.8660999536514282,
      -0.604200005531311,
      0.24230000376701355,
      0.4858950805664073,
      1.2775059270858764,
      0.032007784917950644,
      0.0,
      0.6112556695938111,
      0.9593949609994987,
      0.6791716438531918,
      1.0636536943912593,
      0.5950978213548662,
      1.2287523615360392,
      0.38194161385298003,
      1.5973525047302246,
      0.0754999965429306,
      -0.6293980145454406,
      1.503305952548981,
      1.434601995944977,
      0.9829000234603882,
      0.21590200394392017,
      1.6000459778308869,
      1.4259212017059326,
      0.027236459050327542,
      0.03075065679848198,
      1.119506701231003,
      1.3800149857997919,
      1.2610828113555907,
      1.3216913533210757,
      1.3036881518363956,
      1.3531161093711954,
      0.9933094519376755,
      1.7044456124305738
    ]
  },
  "metadata": {
    "num_samples": 10000,
    "state_dim": 36,
    "action_dim": 36,
    "num_episodes_processed": 321,
    "timestamp": "2025-11-13T16:21:03.734469"
  }
}