{
  "state": {
    "mean": [
      0.8317156434059143,
      -0.9050939679145813,
      1.1136693954467773,
      0.07023269683122635,
      -0.8888530135154724,
      0.6898970603942871,
      0.7589951753616333,
      0.998323917388916,
      0.0736478865146637,
      0.08191761374473572,
      0.2506084740161896,
      0.20592345297336578,
      0.2978168725967407,
      0.20814217627048492,
      0.27539217472076416,
      0.2842409312725067,
      0.20254163444042206,
      0.641913652420044,
      -0.8054494857788086,
      -0.9267410635948181,
      1.1619620323181152,
      -0.24958422780036926,
      0.8509241342544556,
      -0.433745801448822,
      0.4110860824584961,
      0.5783611536026001,
      0.016653934493660927,
      0.02591218799352646,
      0.21355341374874115,
      0.1907147318124771,
      0.2330581694841385,
      0.2389666885137558,
      0.23216921091079712,
      0.32387301325798035,
      0.18317002058029175,
      0.5295945405960083
    ],
    "std": [
      0.2993912100791931,
      0.17558597028255463,
      0.25012511014938354,
      0.6273876428604126,
      0.45959097146987915,
      0.628711998462677,
      0.3261944353580475,
      0.20887842774391174,
      0.272638738155365,
      0.06658655405044556,
      0.2970826029777527,
      0.43782493472099304,
      0.3174639642238617,
      0.48466962575912476,
      0.3457063138484955,
      0.5642709136009216,
      0.35915130376815796,
      0.6825835704803467,
      0.306830495595932,
      0.20571446418762207,
      0.2613965570926666,
      0.8329057693481445,
      0.5437541007995605,
      0.752497136592865,
      0.4559330940246582,
      0.5336294174194336,
      0.07716166228055954,
      0.0533919520676136,
      0.2928716242313385,
      0.3982674181461334,
      0.3325097858905792,
      0.4765951335430145,
      0.3644368350505829,
      0.5719591975212097,
      0.37149378657341003,
      0.7261255979537964
    ],
    "percentile_1": [
      0.2294422832131386,
      -1.4181430339813232,
      0.6620355248451233,
      -0.5725528615713119,
      -1.6252803802490234,
      -2.175211672782898,
      0.047996554523706436,
      0.4650290107727051,
      -0.02321287989616394,
      -0.019024088978767395,
      0.011693705804646015,
      -0.03352428253740072,
      0.011693705804646015,
      -0.03490658476948738,
      0.011693705804646015,
      -0.06981316953897476,
      0.011693705804646015,
      -0.017467255014926193,
      -1.562401772737503,
      -1.524574637413025,
      0.6652780741453171,
      -2.977607488632202,
      -1.0772182953357696,
      -1.5127642154693604,
      0.0,
      0.0,
      -0.021816615015268326,
      -0.029887017607688894,
      0.0,
      -0.013089969754219055,
      0.0,
      -0.018849555402994156,
      0.0,
      -0.0013962633674964309,
      0.0,
      -0.05534090124070644
    ],
    "percentile_99": [
      1.5142672061920166,
      -0.6196917885541916,
      1.842740535736084,
      2.9871480464935303,
      0.9623903053998946,
      1.6340962660312652,
      1.3461724519729614,
      1.4334388971328735,
      1.6078984940052032,
      0.17086774110794067,
      1.0772468912601472,
      1.857903003692627,
      1.3055934965610503,
      1.9073097860813142,
      1.500298992395401,
      1.9261592781543733,
      1.6397525978088379,
      1.934872031211853,
      0.007057297509163618,
      -0.5532997840642929,
      1.8205958604812622,
      0.6159036874771111,
      1.6317616701126099,
      2.13649582862854,
      1.3947799253463744,
      1.458819499015808,
      0.4420919120311737,
      0.1705186665058136,
      0.9992289251089096,
      1.7380128061771394,
      1.2508932173252103,
      1.9024367642402649,
      1.4926335132122037,
      1.928602828979492,
      1.5956672585010525,
      1.9285888671875
    ]
  },
  "action": {
    "mean": [
      0.8271097540855408,
      -0.9022956490516663,
      1.1126347780227661,
      0.05055052414536476,
      -1.0065020322799683,
      0.6874257326126099,
      0.7133225202560425,
      0.941087543964386,
      0.1302352249622345,
      0.07252777367830276,
      0.2690028250217438,
      0.26584160327911377,
      0.28006798028945923,
      0.281014621257782,
      0.26102539896965027,
      0.35539937019348145,
      0.17562219500541687,
      0.7104545831680298,
      -0.7924730777740479,
      -0.9269655346870422,
      1.1653825044631958,
      -0.22635219991207123,
      0.9459943175315857,
      -0.4282286763191223,
      0.7018762826919556,
      0.9766004085540771,
      0.1414755880832672,
      0.05554650351405144,
      0.2990732491016388,
      0.2996566593647003,
      0.3168867230415344,
      0.33300676941871643,
      0.2975951135158539,
      0.42055487632751465,
      0.20794342458248138,
      0.7836679220199585
    ],
    "std": [
      0.3024598956108093,
      0.17464579641819,
      0.24743051826953888,
      0.6270444393157959,
      0.506852388381958,
      0.6294753551483154,
      0.3356892168521881,
      0.21973949670791626,
      0.17108769714832306,
      0.06559358537197113,
      0.3260110020637512,
      0.48788386583328247,
      0.3489038944244385,
      0.5211260318756104,
      0.36883705854415894,
      0.553431510925293,
      0.37449654936790466,
      0.6257887482643127,
      0.3102056086063385,
      0.20773912966251373,
      0.2613695561885834,
      0.8375489115715027,
      0.6078105568885803,
      0.7545297741889954,
      0.3475814163684845,
      0.25371086597442627,
      0.18113043904304504,
      0.06275659054517746,
      0.32257652282714844,
      0.4902500808238983,
      0.3517797291278839,
      0.5358349680900574,
      0.37887611985206604,
      0.5927351117134094,
      0.3846903443336487,
      0.6525233387947083
    ],
    "percentile_1": [
      0.2290000021457672,
      -1.4336019492149352,
      0.6711000204086304,
      -0.5845000147819519,
      -1.7529000043869019,
      -2.2162401127815246,
      0.0,
      0.49423158168792725,
      0.0,
      0.0,
      0.0,
      0.0,
      0.0,
      0.0,
      0.0,
      0.0,
      0.0,
      0.0,
      -1.5642020428180694,
      -1.5277009475231171,
      0.7125969928503036,
      -3.01200008392334,
      -1.2447059559822082,
      -1.507200002670288,
      0.0,
      0.3805317282676697,
      0.0,
      0.0,
      0.0,
      0.0,
      0.0,
      0.0,
      0.0,
      0.0,
      0.0,
      0.0
    ],
    "percentile_99": [
      1.524899959564209,
      -0.614799976348877,
      1.8421010243892673,
      3.01200008392334,
      1.2390249633789114,
      1.6382505893707284,
      1.7142143845558173,
      1.4528433084487915,
      0.6444467902183533,
      0.17599999904632568,
      1.24254446387291,
      1.9210000038146973,
      1.396232624053955,
      1.9210000038146973,
      1.5642717361450205,
      1.9210000038146973,
      1.6466313600540161,
      1.9210000038146973,
      0.018200000748038292,
      -0.5483989852666853,
      1.861199975013733,
      0.6299999952316284,
      1.7621999979019165,
      2.140899896621704,
      1.5109537875652315,
      1.4804466366767888,
      0.7168534260988252,
      0.17599999904632568,
      1.1921056365966798,
      1.9210000038146973,
      1.4206502401828773,
      1.940999984741211,
      1.5866181242465973,
      1.9210000038146973,
      1.6355004763603211,
      1.9210000038146973
    ]
  },
  "metadata": {
    "num_samples": 2000,
    "state_dim": 36,
    "action_dim": 36,
    "failed_samples": 34,
    "timestamp": "2025-08-23T16:16:40.490188"
  }
}