{
  "state": {
    "mean": [
      0.8316775560379028,
      -0.8941141366958618,
      1.0469520092010498,
      0.06582353264093399,
      -0.9711148142814636,
      0.8256742358207703,
      0.2254190742969513,
      1.3549240827560425,
      0.039066292345523834,
      0.025843221694231033,
      0.11600865423679352,
      0.02248232811689377,
      0.10747690498828888,
      0.015389828942716122,
      0.10142479836940765,
      0.023187557235360146,
      0.038532804697752,
      0.21707771718502045,
      -0.7936648726463318,
      -0.9713959097862244,
      1.1377981901168823,
      -0.203973650932312,
      0.8804564476013184,
      -0.5101253986358643,
      0.23056067526340485,
      1.3345872163772583,
      0.017482856288552284,
      0.008489038795232773,
      0.12050829827785492,
      0.06699423491954803,
      0.13633647561073303,
      0.05948926508426666,
      0.12095494568347931,
      0.07110568881034851,
      0.06606709212064743,
      0.30276280641555786
    ],
    "std": [
      0.3577461242675781,
      0.15630978345870972,
      0.20030725002288818,
      0.5317001938819885,
      0.3277881145477295,
      0.42874374985694885,
      0.2547137141227722,
      0.17057888209819794,
      0.1093820109963417,
      0.053008511662483215,
      0.11734046787023544,
      0.13643546402454376,
      0.1297397017478943,
      0.1423064023256302,
      0.12720036506652832,
      0.1626523733139038,
      0.06928154826164246,
      0.33202749490737915,
      0.2821134626865387,
      0.15009810030460358,
      0.1702415645122528,
      0.4159133732318878,
      0.3132879436016083,
      0.488397479057312,
      0.26513949036598206,
      0.12942302227020264,
      0.018309563398361206,
      0.03340025618672371,
      0.15977564454078674,
      0.22550123929977417,
      0.2088666558265686,
      0.2125065177679062,
      0.20861738920211792,
      0.2735403776168823,
      0.17692160606384277,
      0.4852045774459839
    ],
    "percentile_1": [
      -0.03452353551983833,
      -1.4070801734924316,
      0.7642862796783447,
      -0.7253872156143188,
      -1.6088731288909912,
      0.005531395319849253,
      0.013089969754219055,
      0.8998760855197907,
      -0.016057029366493225,
      -0.03246836185455322,
      0.01012290921062231,
      -0.018865265212953078,
      0.0013962633674964309,
      -0.02042035199701786,
      0.01012290921062231,
      -0.06544984877109528,
      0.01012290921062231,
      -0.02042035199701786,
      -1.341092586517334,
      -1.3288700580596924,
      0.7799267768859863,
      -1.5020713806152344,
      0.10075913898646845,
      -1.255245327949524,
      0.011693705804646015,
      0.9032078981399536,
      -0.004363323096185923,
      -0.047996554523706436,
      0.0013962633674964309,
      -0.01745329238474369,
      0.0013962633674964309,
      -0.02321287989616394,
      -0.01448623277246952,
      -0.01448623277246952,
      -0.005759586580097675,
      -0.05811946094036102
    ],
    "percentile_99": [
      1.314377784729004,
      -0.66775768995285,
      1.804573893547058,
      1.5524147748947144,
      -0.13903257235884633,
      1.9819562435150146,
      0.9013177031278616,
      1.5191346406936646,
      0.2442012304067618,
      0.16598081588745117,
      0.5044158422946934,
      0.4433136284351349,
      0.5494296550750732,
      0.5728170275688171,
      0.5684676921367648,
      0.8652033346891451,
      0.28502623736858396,
      1.7794067883491527,
      0.004772258982993746,
      -0.6391623020172119,
      1.5009346008300786,
      0.42516595125198386,
      1.639009714126587,
      1.0305562019348145,
      1.0210315144062045,
      1.4529865980148315,
      0.10175269097089767,
      0.1570953449606899,
      0.795536788105965,
      1.2332496643066406,
      1.0761699676513672,
      1.243561044931412,
      1.1794935464859009,
      1.5809332287311557,
      1.1693705320358276,
      1.9270180463790894
    ]
  },
  "action": {
    "mean": [
      0.8232490420341492,
      -0.8928431868553162,
      1.0485073328018188,
      0.05107196792960167,
      -1.0831815004348755,
      0.8225010633468628,
      0.20565542578697205,
      1.3710806369781494,
      0.016375109553337097,
      0.028947319835424423,
      0.10328163951635361,
      0.017770681530237198,
      0.0947413295507431,
      0.018425842747092247,
      0.0884297713637352,
      0.025328142568469048,
      0.023773053660988808,
      0.21621647477149963,
      -0.783290445804596,
      -0.9692445993423462,
      1.1383037567138672,
      -0.1843288093805313,
      0.993457019329071,
      -0.5049076676368713,
      0.21343837678432465,
      1.3546350002288818,
      0.004936376586556435,
      0.012579497881233692,
      0.1123129278421402,
      0.06748288869857788,
      0.13008959591388702,
      0.05428130924701691,
      0.1150398775935173,
      0.06925014406442642,
      0.053790900856256485,
      0.2996991276741028
    ],
    "std": [
      0.35941052436828613,
      0.15725070238113403,
      0.20059020817279816,
      0.5047797560691833,
      0.3370193541049957,
      0.4275425970554352,
      0.2581655979156494,
      0.1796071082353592,
      0.03818557783961296,
      0.055516280233860016,
      0.12148413807153702,
      0.1462411731481552,
      0.13266003131866455,
      0.1439826339483261,
      0.13162273168563843,
      0.16313199698925018,
      0.07379522174596786,
      0.3320731520652771,
      0.2829707860946655,
      0.15206487476825714,
      0.17016559839248657,
      0.4015272557735443,
      0.3291647732257843,
      0.48962685465812683,
      0.292682409286499,
      0.1324717253446579,
      0.011080372147262096,
      0.032145559787750244,
      0.18113239109516144,
      0.2537742853164673,
      0.22775912284851074,
      0.2287120521068573,
      0.23861321806907654,
      0.2800772786140442,
      0.17533425986766815,
      0.48398542404174805
    ],
    "percentile_1": [
      -0.04450000077486038,
      -1.4012390553951264,
      0.7645979791879653,
      -0.711556988954544,
      -1.732800006866455,
      0.0,
      0.0,
      0.9150932621955872,
      0.0,
      0.0,
      0.0,
      0.0,
      0.0,
      0.0,
      0.0,
      0.0,
      0.0,
      0.0,
      -1.3324029648303986,
      -1.3308000564575195,
      0.7821999788284302,
      -1.4304310142993926,
      0.16939100652933123,
      -1.2584009635448457,
      0.0,
      0.9813660597801208,
      0.0,
      0.0,
      0.0,
      0.0,
      0.0,
      0.0,
      0.0,
      0.0,
      0.0,
      0.0
    ],
    "percentile_99": [
      1.3103029930591583,
      -0.6668999791145325,
      1.8169030141830445,
      1.4536000490188599,
      -0.22089499920606603,
      1.983199954032898,
      0.8967959380149844,
      1.5709999799728394,
      0.142517925798893,
      0.17599999904632568,
      0.5078916764259338,
      0.6224287623167043,
      0.5464739990234385,
      0.5985670685768127,
      0.5703308463096621,
      0.9252933120727548,
      0.30180991202592866,
      1.7847087907791157,
      0.018319000564516005,
      -0.6344990265369415,
      1.4996330523490913,
      0.417202998995781,
      1.7627999782562256,
      1.0372999906539917,
      1.2651502537727355,
      1.5709999799728394,
      0.04941524423658849,
      0.1592297558486463,
      0.9139830601215364,
      1.2637524604797363,
      1.1796188318729408,
      1.2637107694149026,
      1.4396697819232942,
      1.576383352279663,
      1.1383846199512486,
      1.9210000038146973
    ]
  },
  "metadata": {
    "num_samples": 10000,
    "state_dim": 36,
    "action_dim": 36,
    "num_episodes_processed": 50,
    "timestamp": "2025-11-17T14:14:26.141373"
  }
}