{
  "state": {
    "mean": [
      0.6140813827514648,
      -0.9103054404258728,
      1.4680283069610596,
      0.7342285513877869,
      -0.8537072539329529,
      0.1885487139225006,
      0.4176996052265167,
      1.1733148097991943,
      0.0075046042911708355,
      0.015305791981518269,
      0.173518106341362,
      0.09299898892641068,
      0.15587346255779266,
      0.06376764178276062,
      0.17006632685661316,
      0.11007999628782272,
      0.11874622851610184,
      0.30096638202667236,
      -0.2921870946884155,
      -1.159841537475586,
      1.2213506698608398,
      -0.7001516819000244,
      0.4185745120048523,
      -0.24331064522266388,
      0.784547746181488,
      1.0398000478744507,
      0.041226740926504135,
      0.024038441479206085,
      0.524002194404602,
      0.7272303700447083,
      0.590923547744751,
      0.6528101563453674,
      0.6265602111816406,
      0.7357738018035889,
      0.6087314486503601,
      0.9048367142677307
    ],
    "std": [
      0.4510982036590576,
      0.2641131579875946,
      0.44963210821151733,
      0.8601318597793579,
      0.7518978118896484,
      0.7860689163208008,
      0.36377981305122375,
      0.19111478328704834,
      0.07364962249994278,
      0.031066708266735077,
      0.25831830501556396,
      0.27333930134773254,
      0.25874078273773193,
      0.27518731355667114,
      0.27769508957862854,
      0.38725826144218445,
      0.27253401279449463,
      0.521760880947113,
      0.33163368701934814,
      0.2857905626296997,
      0.30643829703330994,
      0.9952163100242615,
      0.6258722543716431,
      0.7852115035057068,
      0.5291459560394287,
      0.1682717353105545,
      0.11194249987602234,
      0.05714349448680878,
      0.46616068482398987,
      0.7950652837753296,
      0.5570221543312073,
      0.7935336232185364,
      0.6057609915733337,
      0.8298860788345337,
      0.6366639733314514,
      0.8341328501701355
    ],
    "percentile_1": [
      -0.4053177833557129,
      -1.3811322450637817,
      0.3271152675151825,
      -1.1110475063323975,
      -1.6672426462173462,
      -1.3895246982574463,
      0.013089969754219055,
      0.5567600131034851,
      -0.02914699725806713,
      -0.007853981107473373,
      0.0029670598451048136,
      -0.021816615015268326,
      0.0029670598451048136,
      -0.016057029366493225,
      0.01012290921062231,
      -0.016057029366493225,
      0.01012290921062231,
      -0.018849557265639305,
      -1.0473411083221436,
      -1.7141603231430054,
      0.4289616343379021,
      -2.865834951400757,
      -1.242282748222351,
      -1.9884413480758667,
      0.01012290921062231,
      0.6719517707824707,
      0.0073303827084600925,
      -0.05637413635849953,
      -0.0013962633674964309,
      -0.008726646192371845,
      0.005759586580097675,
      -0.02617993950843811,
      -0.0,
      -0.008726646192371845,
      0.0073303827084600925,
      -0.021816615015268326
    ],
    "percentile_99": [
      1.352521538734436,
      -0.46215763688087463,
      2.533596515655518,
      2.528229236602783,
      1.4562866687774658,
      2.2158045768737793,
      1.3693853616714478,
      1.4812610149383545,
      0.13964030176401168,
      0.1687733381986618,
      0.9653416275978088,
      1.1050552296638545,
      1.119338964223863,
      1.9086921215057373,
      1.2880669975280765,
      1.9334757328033447,
      1.401340575218201,
      1.9362683296203613,
      0.623525619506836,
      -0.5216678380966187,
      1.9319828748703003,
      0.9771534204483033,
      1.6340504884719849,
      1.3563783168792733,
      1.56346595287323,
      1.406386375427246,
      0.6225588917732239,
      0.16667895019054413,
      1.303062915802002,
      1.9387117624282837,
      1.4325662851333618,
      1.9242254495620728,
      1.548979640007019,
      1.925621747970581,
      1.5866788625717163,
      1.9270180463790894
    ]
  },
  "action": {
    "mean": [
      0.6042147278785706,
      -0.9053473472595215,
      1.469894289970398,
      0.6906863451004028,
      -0.9133996367454529,
      0.18873023986816406,
      0.40656778216362,
      1.1793993711471558,
      0.021132558584213257,
      0.015211875550448895,
      0.17493852972984314,
      0.11251876503229141,
      0.1516595184803009,
      0.08301863074302673,
      0.1582539826631546,
      0.10710836201906204,
      0.10482639074325562,
      0.3008820414543152,
      -0.28295111656188965,
      -1.1528635025024414,
      1.2221466302871704,
      -0.6908727884292603,
      0.4767809510231018,
      -0.24081210792064667,
      0.7892900109291077,
      1.0897732973098755,
      0.034034546464681625,
      0.02886906825006008,
      0.5558609366416931,
      0.7704666256904602,
      0.6117748022079468,
      0.7389741539955139,
      0.6350622773170471,
      0.7658593058586121,
      0.6177882552146912,
      0.9290357232093811
    ],
    "std": [
      0.45437803864479065,
      0.2632768750190735,
      0.45046284794807434,
      0.8529525995254517,
      0.7718316316604614,
      0.7862539291381836,
      0.37749993801116943,
      0.18453751504421234,
      0.15651202201843262,
      0.03320355713367462,
      0.29147034883499146,
      0.35352590680122375,
      0.28378260135650635,
      0.34134620428085327,
      0.2872030436992645,
      0.39065468311309814,
      0.27743780612945557,
      0.5220410227775574,
      0.33497005701065063,
      0.28606605529785156,
      0.3076733350753784,
      0.993073582649231,
      0.66681969165802,
      0.7855067849159241,
      0.5541491508483887,
      0.18298663198947906,
      0.14097867906093597,
      0.0602603405714035,
      0.5115722417831421,
      0.8362834453582764,
      0.5928159356117249,
      0.8615801334381104,
      0.629020631313324,
      0.8582201600074768,
      0.6621369123458862,
      0.8605962991714478
    ],
    "percentile_1": [
      -0.41880099654197694,
      -1.3733089566230774,
      0.32339999079704285,
      -1.1597000360488892,
      -1.7339999675750732,
      -1.3976999521255493,
      0.0,
      0.7735670280456544,
      0.0,
      0.0,
      0.0,
      0.0,
      0.0,
      0.0,
      0.0,
      0.0,
      0.0,
      0.0,
      -1.0408049762248992,
      -1.7072040498256684,
      0.42704600274562843,
      -2.8759300303459168,
      -1.3343010413646699,
      -1.9935069942474366,
      0.0,
      0.672821044921875,
      0.0,
      0.0,
      0.0,
      0.0,
      0.0,
      0.0,
      0.0,
      0.0,
      0.0,
      0.0
    ],
    "percentile_99": [
      1.3497999906539917,
      -0.45419199943542465,
      2.539239068031312,
      2.497499942779541,
      1.5125000476837158,
      2.2107020354270936,
      1.4242289960384373,
      1.494825805425644,
      0.9997109448909832,
      0.17589516401290894,
      1.0353500759601593,
      1.9053073275089276,
      1.1903420090675356,
      1.9210000038146973,
      1.2907578194141391,
      1.9210000038146973,
      1.3952364349365238,
      1.9210000038146973,
      0.6454199880361562,
      -0.5149000287055969,
      1.9395999908447266,
      0.9218000173568726,
      1.7640999555587769,
      1.3735089898109438,
      1.59036318898201,
      1.4692914700508117,
      0.8207259702682497,
      0.17599999904632568,
      1.4508854985237123,
      1.9210000038146973,
      1.5923480808734893,
      1.940999984741211,
      1.6622905731201172,
      1.9210000038146973,
      1.7086662983894347,
      1.9210000038146973
    ]
  },
  "metadata": {
    "num_samples": 10000,
    "state_dim": 36,
    "action_dim": 36,
    "num_episodes_processed": 961,
    "timestamp": "2025-11-17T14:23:00.692459"
  }
}